Site,Parameter,Date (LT),Year,Month,Day,Hour,NowCast Conc.,AQI,AQI Category,Raw Conc.,Conc. Unit,Duration,QC Name
Lima,PM2.5 - Principal,2021-03-01 01:00 AM,2021,03,01,01,4.3,18,Good,2.0,UG/M3,1 Hr,Valid
Lima,PM2.5 - Principal,2021-03-01 02:00 AM,2021,03,01,02,3.1,13,Good,2.0,UG/M3,1 Hr,Valid
Lima,PM2.5 - Principal,2021-03-01 03:00 AM,2021,03,01,03,4.0,17,Good,5.0,UG/M3,1 Hr,Valid
Lima,PM2.5 - Principal,2021-03-01 04:00 AM,2021,03,01,04,4.0,17,Good,4.0,UG/M3,1 Hr,Valid
Lima,PM2.5 - Principal,2021-03-01 05:00 AM,2021,03,01,05,3.5,15,Good,3.0,UG/M3,1 Hr,Valid
Lima,PM2.5 - Principal,2021-03-01 06:00 AM,2021,03,01,06,5.2,22,Good,7.0,UG/M3,1 Hr,Valid
Lima,PM2.5 - Principal,2021-03-01 07:00 AM,2021,03,01,07,5.6,23,Good,6.0,UG/M3,1 Hr,Valid
Lima,PM2.5 - Principal,2021-03-01 08:00 AM,2021,03,01,08,7.8,33,Good,10.0,UG/M3,1 Hr,Valid
Lima,PM2.5 - Principal,2021-03-01 09:00 AM,2021,03,01,09,9.9,41,Good,12.0,UG/M3,1 Hr,Valid
Lima,PM2.5 - Principal,2021-03-01 10:00 AM,2021,03,01,10,8.4,35,Good,7.0,UG/M3,1 Hr,Valid
Lima,PM2.5 - Principal,2021-03-01 11:00 AM,2021,03,01,11,6.7,28,Good,5.0,UG/M3,1 Hr,Valid
Lima,PM2.5 - Principal,2021-03-01 12:00 PM,2021,03,01,12,6.8,28,Good,7.0,UG/M3,1 Hr,Valid
Lima,PM2.5 - Principal,2021-03-01 01:00 PM,2021,03,01,13,5.9,25,Good,5.0,UG/M3,1 Hr,Valid
Lima,PM2.5 - Principal,2021-03-01 02:00 PM,2021,03,01,14,5.9,25,Good,6.0,UG/M3,1 Hr,Valid
Lima,PM2.5 - Principal,2021-03-01 03:00 PM,2021,03,01,15,6.9,29,Good,8.0,UG/M3,1 Hr,Valid
Lima,PM2.5 - Principal,2021-03-01 04:00 PM,2021,03,01,16,8.4,35,Good,10.0,UG/M3,1 Hr,Valid
Lima,PM2.5 - Principal,2021-03-01 05:00 PM,2021,03,01,17,7.7,32,Good,7.0,UG/M3,1 Hr,Valid
Lima,PM2.5 - Principal,2021-03-01 06:00 PM,2021,03,01,18,6.3,26,Good,5.0,UG/M3,1 Hr,Valid
Lima,PM2.5 - Principal,2021-03-01 07:00 PM,2021,03,01,19,6.1,25,Good,6.0,UG/M3,1 Hr,Valid
Lima,PM2.5 - Principal,2021-03-01 08:00 PM,2021,03,01,20,5.5,23,Good,5.0,UG/M3,1 Hr,Valid
Lima,PM2.5 - Principal,2021-03-01 09:00 PM,2021,03,01,21,4.2,18,Good,3.0,UG/M3,1 Hr,Valid
Lima,PM2.5 - Principal,2021-03-01 10:00 PM,2021,03,01,22,3.6,15,Good,3.0,UG/M3,1 Hr,Valid
Lima,PM2.5 - Principal,2021-03-01 11:00 PM,2021,03,01,23,9.3,39,Good,15.0,UG/M3,1 Hr,Valid
Lima,PM2.5 - Principal,2021-03-02 12:00 AM,2021,03,02,00,9.6,40,Good,10.0,UG/M3,1 Hr,Valid
Lima,PM2.5 - Principal,2021-03-02 01:00 AM,2021,03,02,01,9.8,41,Good,10.0,UG/M3,1 Hr,Valid
Lima,PM2.5 - Principal,2021-03-02 02:00 AM,2021,03,02,02,8.4,35,Good,7.0,UG/M3,1 Hr,Valid
Lima,PM2.5 - Principal,2021-03-02 03:00 AM,2021,03,02,03,5.7,24,Good,3.0,UG/M3,1 Hr,Valid
Lima,PM2.5 - Principal,2021-03-02 04:00 AM,2021,03,02,04,3.8,16,Good,2.0,UG/M3,1 Hr,Valid
Lima,PM2.5 - Principal,2021-03-02 05:00 AM,2021,03,02,05,3.4,14,Good,3.0,UG/M3,1 Hr,Valid
Lima,PM2.5 - Principal,2021-03-02 06:00 AM,2021,03,02,06,4.7,20,Good,6.0,UG/M3,1 Hr,Valid
Lima,PM2.5 - Principal,2021-03-02 07:00 AM,2021,03,02,07,4.8,20,Good,5.0,UG/M3,1 Hr,Valid
Lima,PM2.5 - Principal,2021-03-02 08:00 AM,2021,03,02,08,3.9,16,Good,3.0,UG/M3,1 Hr,Valid
Lima,PM2.5 - Principal,2021-03-02 09:00 AM,2021,03,02,09,4.9,20,Good,6.0,UG/M3,1 Hr,Valid
Lima,PM2.5 - Principal,2021-03-02 10:00 AM,2021,03,02,10,11.4,48,Good,18.0,UG/M3,1 Hr,Valid
Lima,PM2.5 - Principal,2021-03-02 11:00 AM,2021,03,02,11,11.2,47,Good,11.0,UG/M3,1 Hr,Valid
Lima,PM2.5 - Principal,2021-03-02 12:00 PM,2021,03,02,12,9.6,40,Good,8.0,UG/M3,1 Hr,Valid
Lima,PM2.5 - Principal,2021-03-02 01:00 PM,2021,03,02,13,8.8,37,Good,8.0,UG/M3,1 Hr,Valid
Lima,PM2.5 - Principal,2021-03-02 02:00 PM,2021,03,02,14,7.4,31,Good,6.0,UG/M3,1 Hr,Valid
Lima,PM2.5 - Principal,2021-03-02 03:00 PM,2021,03,02,15,5.2,22,Good,3.0,UG/M3,1 Hr,Valid
Lima,PM2.5 - Principal,2021-03-02 04:00 PM,2021,03,02,16,5.6,23,Good,6.0,UG/M3,1 Hr,Valid
Lima,PM2.5 - Principal,2021-03-02 05:00 PM,2021,03,02,17,7.3,30,Good,9.0,UG/M3,1 Hr,Valid
Lima,PM2.5 - Principal,2021-03-02 06:00 PM,2021,03,02,18,8.1,34,Good,9.0,UG/M3,1 Hr,Valid
Lima,PM2.5 - Principal,2021-03-02 07:00 PM,2021,03,02,19,9.0,38,Good,10.0,UG/M3,1 Hr,Valid
Lima,PM2.5 - Principal,2021-03-02 08:00 PM,2021,03,02,20,8.5,35,Good,8.0,UG/M3,1 Hr,Valid
Lima,PM2.5 - Principal,2021-03-02 09:00 PM,2021,03,02,21,7.7,32,Good,7.0,UG/M3,1 Hr,Valid
Lima,PM2.5 - Principal,2021-03-02 10:00 PM,2021,03,02,22,12.8,52,Moderate,18.0,UG/M3,1 Hr,Valid
Lima,PM2.5 - Principal,2021-03-02 11:00 PM,2021,03,02,23,17.4,62,Moderate,22.0,UG/M3,1 Hr,Valid
Lima,PM2.5 - Principal,2021-03-03 12:00 AM,2021,03,03,00,17.2,62,Moderate,17.0,UG/M3,1 Hr,Valid
Lima,PM2.5 - Principal,2021-03-03 01:00 AM,2021,03,03,01,13.1,53,Moderate,9.0,UG/M3,1 Hr,Valid
Lima,PM2.5 - Principal,2021-03-03 02:00 AM,2021,03,03,02,9.5,40,Good,6.0,UG/M3,1 Hr,Valid
Lima,PM2.5 - Principal,2021-03-03 03:00 AM,2021,03,03,03,7.7,32,Good,6.0,UG/M3,1 Hr,Valid
Lima,PM2.5 - Principal,2021-03-03 04:00 AM,2021,03,03,04,5.3,22,Good,3.0,UG/M3,1 Hr,Valid
Lima,PM2.5 - Principal,2021-03-03 05:00 AM,2021,03,03,05,2.6,11,Good,0.0,UG/M3,1 Hr,Valid
Lima,PM2.5 - Principal,2021-03-03 06:00 AM,2021,03,03,06,1.8,8,Good,1.0,UG/M3,1 Hr,Valid
Lima,PM2.5 - Principal,2021-03-03 07:00 AM,2021,03,03,07,0.9,4,Good,0.0,UG/M3,1 Hr,Valid
Lima,PM2.5 - Principal,2021-03-03 08:00 AM,2021,03,03,08,2.4,10,Good,4.0,UG/M3,1 Hr,Valid
Lima,PM2.5 - Principal,2021-03-03 09:00 AM,2021,03,03,09,5.2,22,Good,8.0,UG/M3,1 Hr,Valid
Lima,PM2.5 - Principal,2021-03-03 10:00 AM,2021,03,03,10,4.6,19,Good,4.0,UG/M3,1 Hr,Valid
Lima,PM2.5 - Principal,2021-03-03 11:00 AM,2021,03,03,11,6.8,28,Good,9.0,UG/M3,1 Hr,Valid
Lima,PM2.5 - Principal,2021-03-03 12:00 PM,2021,03,03,12,8.4,35,Good,10.0,UG/M3,1 Hr,Valid
Lima,PM2.5 - Principal,2021-03-03 01:00 PM,2021,03,03,13,7.2,30,Good,6.0,UG/M3,1 Hr,Valid
Lima,PM2.5 - Principal,2021-03-03 02:00 PM,2021,03,03,14,6.1,25,Good,5.0,UG/M3,1 Hr,Valid
Lima,PM2.5 - Principal,2021-03-03 03:00 PM,2021,03,03,15,3.5,15,Good,1.0,UG/M3,1 Hr,Valid
Lima,PM2.5 - Principal,2021-03-03 04:00 PM,2021,03,03,16,2.7,11,Good,2.0,UG/M3,1 Hr,Valid
Lima,PM2.5 - Principal,2021-03-03 05:00 PM,2021,03,03,17,4.8,20,Good,7.0,UG/M3,1 Hr,Valid
Lima,PM2.5 - Principal,2021-03-03 06:00 PM,2021,03,03,18,8.4,35,Good,12.0,UG/M3,1 Hr,Valid
Lima,PM2.5 - Principal,2021-03-03 07:00 PM,2021,03,03,19,10.2,43,Good,12.0,UG/M3,1 Hr,Valid
Lima,PM2.5 - Principal,2021-03-03 08:00 PM,2021,03,03,20,13.6,54,Moderate,17.0,UG/M3,1 Hr,Valid
Lima,PM2.5 - Principal,2021-03-03 09:00 PM,2021,03,03,21,17.8,63,Moderate,22.0,UG/M3,1 Hr,Valid
Lima,PM2.5 - Principal,2021-03-03 10:00 PM,2021,03,03,22,14.9,57,Moderate,12.0,UG/M3,1 Hr,Valid
Lima,PM2.5 - Principal,2021-03-03 11:00 PM,2021,03,03,23,13.4,54,Moderate,12.0,UG/M3,1 Hr,Valid
Lima,PM2.5 - Principal,2021-03-04 12:00 AM,2021,03,04,00,12.7,52,Moderate,12.0,UG/M3,1 Hr,Valid
Lima,PM2.5 - Principal,2021-03-04 01:00 AM,2021,03,04,01,12.8,52,Moderate,13.0,UG/M3,1 Hr,Valid
Lima,PM2.5 - Principal,2021-03-04 02:00 AM,2021,03,04,02,11.9,50,Good,11.0,UG/M3,1 Hr,Valid
Lima,PM2.5 - Principal,2021-03-04 03:00 AM,2021,03,04,03,10.9,45,Good,10.0,UG/M3,1 Hr,Valid
Lima,PM2.5 - Principal,2021-03-04 04:00 AM,2021,03,04,04,8.9,37,Good,7.0,UG/M3,1 Hr,Valid
Lima,PM2.5 - Principal,2021-03-04 05:00 AM,2021,03,04,05,6.4,27,Good,4.0,UG/M3,1 Hr,Valid
Lima,PM2.5 - Principal,2021-03-04 06:00 AM,2021,03,04,06,4.2,18,Good,2.0,UG/M3,1 Hr,Valid
Lima,PM2.5 - Principal,2021-03-04 07:00 AM,2021,03,04,07,3.1,13,Good,2.0,UG/M3,1 Hr,Valid
Lima,PM2.5 - Principal,2021-03-04 08:00 AM,2021,03,04,08,3.5,15,Good,4.0,UG/M3,1 Hr,Valid
Lima,PM2.5 - Principal,2021-03-04 09:00 AM,2021,03,04,09,4.2,18,Good,5.0,UG/M3,1 Hr,Valid
Lima,PM2.5 - Principal,2021-03-04 10:00 AM,2021,03,04,10,6.6,28,Good,9.0,UG/M3,1 Hr,Valid
Lima,PM2.5 - Principal,2021-03-04 11:00 AM,2021,03,04,11,11.8,49,Good,17.0,UG/M3,1 Hr,Valid
Lima,PM2.5 - Principal,2021-03-04 12:00 PM,2021,03,04,12,12.4,52,Moderate,13.0,UG/M3,1 Hr,Valid
Lima,PM2.5 - Principal,2021-03-04 01:00 PM,2021,03,04,13,9.7,40,Good,7.0,UG/M3,1 Hr,Valid
Lima,PM2.5 - Principal,2021-03-04 02:00 PM,2021,03,04,14,6.3,26,Good,3.0,UG/M3,1 Hr,Valid
Lima,PM2.5 - Principal,2021-03-04 03:00 PM,2021,03,04,15,4.1,17,Good,2.0,UG/M3,1 Hr,Valid
Lima,PM2.5 - Principal,2021-03-04 04:00 PM,2021,03,04,16,2.0,8,Good,0.0,UG/M3,1 Hr,Valid
Lima,PM2.5 - Principal,2021-03-04 05:00 PM,2021,03,04,17,7.0,29,Good,12.0,UG/M3,1 Hr,Valid
Lima,PM2.5 - Principal,2021-03-04 06:00 PM,2021,03,04,18,9.0,38,Good,11.0,UG/M3,1 Hr,Valid
Lima,PM2.5 - Principal,2021-03-04 07:00 PM,2021,03,04,19,9.0,38,Good,9.0,UG/M3,1 Hr,Valid
Lima,PM2.5 - Principal,2021-03-04 08:00 PM,2021,03,04,20,10.0,42,Good,11.0,UG/M3,1 Hr,Valid
Lima,PM2.5 - Principal,2021-03-04 09:00 PM,2021,03,04,21,13.5,54,Moderate,17.0,UG/M3,1 Hr,Valid
Lima,PM2.5 - Principal,2021-03-04 10:00 PM,2021,03,04,22,15.7,59,Moderate,18.0,UG/M3,1 Hr,Valid
Lima,PM2.5 - Principal,2021-03-04 11:00 PM,2021,03,04,23,17.8,63,Moderate,20.0,UG/M3,1 Hr,Valid
Lima,PM2.5 - Principal,2021-03-05 12:00 AM,2021,03,05,00,16.9,61,Moderate,16.0,UG/M3,1 Hr,Valid
Lima,PM2.5 - Principal,2021-03-05 01:00 AM,2021,03,05,01,15.4,58,Moderate,14.0,UG/M3,1 Hr,Valid
Lima,PM2.5 - Principal,2021-03-05 02:00 AM,2021,03,05,02,14.7,56,Moderate,14.0,UG/M3,1 Hr,Valid
Lima,PM2.5 - Principal,2021-03-05 03:00 AM,2021,03,05,03,12.8,52,Moderate,11.0,UG/M3,1 Hr,Valid
Lima,PM2.5 - Principal,2021-03-05 04:00 AM,2021,03,05,04,9.9,41,Good,7.0,UG/M3,1 Hr,Valid
Lima,PM2.5 - Principal,2021-03-05 05:00 AM,2021,03,05,05,8.9,37,Good,8.0,UG/M3,1 Hr,Valid
Lima,PM2.5 - Principal,2021-03-05 06:00 AM,2021,03,05,06,8.9,37,Good,9.0,UG/M3,1 Hr,Valid
Lima,PM2.5 - Principal,2021-03-05 07:00 AM,2021,03,05,07,9.9,41,Good,11.0,UG/M3,1 Hr,Valid
Lima,PM2.5 - Principal,2021-03-05 08:00 AM,2021,03,05,08,10.4,43,Good,11.0,UG/M3,1 Hr,Valid
Lima,PM2.5 - Principal,2021-03-05 09:00 AM,2021,03,05,09,14.2,55,Moderate,18.0,UG/M3,1 Hr,Valid
Lima,PM2.5 - Principal,2021-03-05 10:00 AM,2021,03,05,10,18.1,64,Moderate,22.0,UG/M3,1 Hr,Valid
Lima,PM2.5 - Principal,2021-03-05 11:00 AM,2021,03,05,11,16.0,59,Moderate,14.0,UG/M3,1 Hr,Valid
Lima,PM2.5 - Principal,2021-03-05 12:00 PM,2021,03,05,12,13.0,53,Moderate,10.0,UG/M3,1 Hr,Valid
Lima,PM2.5 - Principal,2021-03-05 01:00 PM,2021,03,05,13,10.0,42,Good,7.0,UG/M3,1 Hr,Valid
Lima,PM2.5 - Principal,2021-03-05 02:00 PM,2021,03,05,14,10.0,42,Good,-999.0,UG/M3,1 Hr,Missing
Lima,PM2.5 - Principal,2021-03-08 10:00 AM,2021,03,08,10,-999.0,-999,N/A,10.0,UG/M3,1 Hr,Valid
Lima,PM2.5 - Principal,2021-03-08 11:00 AM,2021,03,08,11,13.0,53,Moderate,15.0,UG/M3,1 Hr,Valid
Lima,PM2.5 - Principal,2021-03-08 12:00 PM,2021,03,08,12,18.2,64,Moderate,22.0,UG/M3,1 Hr,Valid
Lima,PM2.5 - Principal,2021-03-08 01:00 PM,2021,03,08,13,14.9,57,Moderate,12.0,UG/M3,1 Hr,Valid
Lima,PM2.5 - Principal,2021-03-08 02:00 PM,2021,03,08,14,12.9,53,Moderate,11.0,UG/M3,1 Hr,Valid
Lima,PM2.5 - Principal,2021-03-08 03:00 PM,2021,03,08,15,11.9,50,Good,11.0,UG/M3,1 Hr,Valid
Lima,PM2.5 - Principal,2021-03-08 04:00 PM,2021,03,08,16,11.9,50,Good,12.0,UG/M3,1 Hr,Valid
Lima,PM2.5 - Principal,2021-03-08 05:00 PM,2021,03,08,17,11.4,48,Good,11.0,UG/M3,1 Hr,Valid
Lima,PM2.5 - Principal,2021-03-08 06:00 PM,2021,03,08,18,10.7,45,Good,10.0,UG/M3,1 Hr,Valid
Lima,PM2.5 - Principal,2021-03-08 07:00 PM,2021,03,08,19,11.3,47,Good,12.0,UG/M3,1 Hr,Valid
Lima,PM2.5 - Principal,2021-03-08 08:00 PM,2021,03,08,20,11.6,48,Good,12.0,UG/M3,1 Hr,Valid
Lima,PM2.5 - Principal,2021-03-08 09:00 PM,2021,03,08,21,10.8,45,Good,10.0,UG/M3,1 Hr,Valid
Lima,PM2.5 - Principal,2021-03-08 10:00 PM,2021,03,08,22,11.4,48,Good,12.0,UG/M3,1 Hr,Valid
Lima,PM2.5 - Principal,2021-03-08 11:00 PM,2021,03,08,23,10.2,43,Good,9.0,UG/M3,1 Hr,Valid
Lima,PM2.5 - Principal,2021-03-09 12:00 AM,2021,03,09,00,7.6,32,Good,5.0,UG/M3,1 Hr,Valid
Lima,PM2.5 - Principal,2021-03-09 01:00 AM,2021,03,09,01,5.3,22,Good,3.0,UG/M3,1 Hr,Valid
Lima,PM2.5 - Principal,2021-03-09 02:00 AM,2021,03,09,02,4.1,17,Good,3.0,UG/M3,1 Hr,Valid
Lima,PM2.5 - Principal,2021-03-09 03:00 AM,2021,03,09,03,4.5,19,Good,5.0,UG/M3,1 Hr,Valid
Lima,PM2.5 - Principal,2021-03-09 04:00 AM,2021,03,09,04,7.7,32,Good,11.0,UG/M3,1 Hr,Valid
Lima,PM2.5 - Principal,2021-03-09 05:00 AM,2021,03,09,05,7.8,33,Good,8.0,UG/M3,1 Hr,Valid
Lima,PM2.5 - Principal,2021-03-09 06:00 AM,2021,03,09,06,7.9,33,Good,8.0,UG/M3,1 Hr,Valid
Lima,PM2.5 - Principal,2021-03-09 07:00 AM,2021,03,09,07,7.9,33,Good,8.0,UG/M3,1 Hr,Valid
Lima,PM2.5 - Principal,2021-03-09 08:00 AM,2021,03,09,08,6.4,27,Good,5.0,UG/M3,1 Hr,Valid
Lima,PM2.5 - Principal,2021-03-09 09:00 AM,2021,03,09,09,7.7,32,Good,9.0,UG/M3,1 Hr,Valid
Lima,PM2.5 - Principal,2021-03-09 10:00 AM,2021,03,09,10,7.8,33,Good,8.0,UG/M3,1 Hr,Valid
Lima,PM2.5 - Principal,2021-03-09 11:00 AM,2021,03,09,11,13.4,54,Moderate,19.0,UG/M3,1 Hr,Valid
Lima,PM2.5 - Principal,2021-03-09 12:00 PM,2021,03,09,12,9.7,40,Good,6.0,UG/M3,1 Hr,Valid
Lima,PM2.5 - Principal,2021-03-09 01:00 PM,2021,03,09,13,8.8,37,Good,8.0,UG/M3,1 Hr,Valid
Lima,PM2.5 - Principal,2021-03-09 02:00 PM,2021,03,09,14,7.9,33,Good,7.0,UG/M3,1 Hr,Valid
Lima,PM2.5 - Principal,2021-03-09 03:00 PM,2021,03,09,15,8.9,37,Good,10.0,UG/M3,1 Hr,Valid
Lima,PM2.5 - Principal,2021-03-09 04:00 PM,2021,03,09,16,10.4,43,Good,12.0,UG/M3,1 Hr,Valid
Lima,PM2.5 - Principal,2021-03-09 05:00 PM,2021,03,09,17,9.2,38,Good,8.0,UG/M3,1 Hr,Valid
Lima,PM2.5 - Principal,2021-03-09 06:00 PM,2021,03,09,18,10.6,44,Good,12.0,UG/M3,1 Hr,Valid
Lima,PM2.5 - Principal,2021-03-09 07:00 PM,2021,03,09,19,10.8,45,Good,11.0,UG/M3,1 Hr,Valid
Lima,PM2.5 - Principal,2021-03-09 08:00 PM,2021,03,09,20,11.4,48,Good,12.0,UG/M3,1 Hr,Valid
Lima,PM2.5 - Principal,2021-03-09 09:00 PM,2021,03,09,21,9.2,38,Good,7.0,UG/M3,1 Hr,Valid
Lima,PM2.5 - Principal,2021-03-09 10:00 PM,2021,03,09,22,8.1,34,Good,7.0,UG/M3,1 Hr,Valid
Lima,PM2.5 - Principal,2021-03-09 11:00 PM,2021,03,09,23,8.0,33,Good,8.0,UG/M3,1 Hr,Valid
Lima,PM2.5 - Principal,2021-03-10 12:00 AM,2021,03,10,00,8.5,35,Good,9.0,UG/M3,1 Hr,Valid
Lima,PM2.5 - Principal,2021-03-10 01:00 AM,2021,03,10,01,8.3,35,Good,8.0,UG/M3,1 Hr,Valid
Lima,PM2.5 - Principal,2021-03-10 02:00 AM,2021,03,10,02,7.1,30,Good,6.0,UG/M3,1 Hr,Valid
Lima,PM2.5 - Principal,2021-03-10 03:00 AM,2021,03,10,03,4.5,19,Good,2.0,UG/M3,1 Hr,Valid
Lima,PM2.5 - Principal,2021-03-10 04:00 AM,2021,03,10,04,4.7,20,Good,5.0,UG/M3,1 Hr,Valid
Lima,PM2.5 - Principal,2021-03-10 05:00 AM,2021,03,10,05,6.3,26,Good,8.0,UG/M3,1 Hr,Valid
Lima,PM2.5 - Principal,2021-03-10 06:00 AM,2021,03,10,06,9.6,40,Good,13.0,UG/M3,1 Hr,Valid
Lima,PM2.5 - Principal,2021-03-10 07:00 AM,2021,03,10,07,10.8,45,Good,12.0,UG/M3,1 Hr,Valid
Lima,PM2.5 - Principal,2021-03-10 08:00 AM,2021,03,10,08,14.9,57,Moderate,19.0,UG/M3,1 Hr,Valid
Lima,PM2.5 - Principal,2021-03-10 09:00 AM,2021,03,10,09,18.9,65,Moderate,23.0,UG/M3,1 Hr,Valid
Lima,PM2.5 - Principal,2021-03-10 10:00 AM,2021,03,10,10,24.9,78,Moderate,31.0,UG/M3,1 Hr,Valid
Lima,PM2.5 - Principal,2021-03-10 11:00 AM,2021,03,10,11,19.9,67,Moderate,15.0,UG/M3,1 Hr,Valid
Lima,PM2.5 - Principal,2021-03-10 12:00 PM,2021,03,10,12,16.4,60,Moderate,13.0,UG/M3,1 Hr,Valid
Lima,PM2.5 - Principal,2021-03-10 01:00 PM,2021,03,10,13,14.2,55,Moderate,12.0,UG/M3,1 Hr,Valid
Lima,PM2.5 - Principal,2021-03-10 02:00 PM,2021,03,10,14,12.6,52,Moderate,11.0,UG/M3,1 Hr,Valid
Lima,PM2.5 - Principal,2021-03-10 03:00 PM,2021,03,10,15,11.8,49,Good,11.0,UG/M3,1 Hr,Valid
Lima,PM2.5 - Principal,2021-03-10 04:00 PM,2021,03,10,16,10.4,43,Good,9.0,UG/M3,1 Hr,Valid
Lima,PM2.5 - Principal,2021-03-10 05:00 PM,2021,03,10,17,10.2,43,Good,10.0,UG/M3,1 Hr,Valid
Lima,PM2.5 - Principal,2021-03-10 06:00 PM,2021,03,10,18,11.1,46,Good,12.0,UG/M3,1 Hr,Valid
Lima,PM2.5 - Principal,2021-03-10 07:00 PM,2021,03,10,19,12.0,50,Good,13.0,UG/M3,1 Hr,Valid
Lima,PM2.5 - Principal,2021-03-10 08:00 PM,2021,03,10,20,13.0,53,Moderate,14.0,UG/M3,1 Hr,Valid
Lima,PM2.5 - Principal,2021-03-10 09:00 PM,2021,03,10,21,17.0,61,Moderate,21.0,UG/M3,1 Hr,Valid
Lima,PM2.5 - Principal,2021-03-10 10:00 PM,2021,03,10,22,21.0,70,Moderate,25.0,UG/M3,1 Hr,Valid
Lima,PM2.5 - Principal,2021-03-10 11:00 PM,2021,03,10,23,20.0,68,Moderate,19.0,UG/M3,1 Hr,Valid
Lima,PM2.5 - Principal,2021-03-11 12:00 AM,2021,03,11,00,18.5,64,Moderate,17.0,UG/M3,1 Hr,Valid
Lima,PM2.5 - Principal,2021-03-11 01:00 AM,2021,03,11,01,17.2,62,Moderate,16.0,UG/M3,1 Hr,Valid
Lima,PM2.5 - Principal,2021-03-11 02:00 AM,2021,03,11,02,15.1,57,Moderate,13.0,UG/M3,1 Hr,Valid
Lima,PM2.5 - Principal,2021-03-11 03:00 AM,2021,03,11,03,13.0,53,Moderate,11.0,UG/M3,1 Hr,Valid
Lima,PM2.5 - Principal,2021-03-11 04:00 AM,2021,03,11,04,13.5,54,Moderate,14.0,UG/M3,1 Hr,Valid
Lima,PM2.5 - Principal,2021-03-11 05:00 AM,2021,03,11,05,13.7,54,Moderate,14.0,UG/M3,1 Hr,Valid
Lima,PM2.5 - Principal,2021-03-11 06:00 AM,2021,03,11,06,11.8,49,Good,10.0,UG/M3,1 Hr,Valid
Lima,PM2.5 - Principal,2021-03-11 07:00 AM,2021,03,11,07,11.9,50,Good,12.0,UG/M3,1 Hr,Valid
Lima,PM2.5 - Principal,2021-03-11 08:00 AM,2021,03,11,08,11.9,50,Good,12.0,UG/M3,1 Hr,Valid
Lima,PM2.5 - Principal,2021-03-11 09:00 AM,2021,03,11,09,11.4,48,Good,11.0,UG/M3,1 Hr,Valid
Lima,PM2.5 - Principal,2021-03-11 10:00 AM,2021,03,11,10,15.0,57,Moderate,19.0,UG/M3,1 Hr,Valid
Lima,PM2.5 - Principal,2021-03-11 11:00 AM,2021,03,11,11,11.6,48,Good,8.0,UG/M3,1 Hr,Valid
Lima,PM2.5 - Principal,2021-03-11 12:00 PM,2021,03,11,12,13.3,54,Moderate,15.0,UG/M3,1 Hr,Valid
Lima,PM2.5 - Principal,2021-03-11 01:00 PM,2021,03,11,13,14.6,56,Moderate,16.0,UG/M3,1 Hr,Valid
Lima,PM2.5 - Principal,2021-03-11 02:00 PM,2021,03,11,14,12.3,51,Moderate,10.0,UG/M3,1 Hr,Valid
Lima,PM2.5 - Principal,2021-03-11 03:00 PM,2021,03,11,15,13.1,53,Moderate,14.0,UG/M3,1 Hr,Valid
Lima,PM2.5 - Principal,2021-03-11 04:00 PM,2021,03,11,16,13.0,53,Moderate,13.0,UG/M3,1 Hr,Valid
Lima,PM2.5 - Principal,2021-03-11 05:00 PM,2021,03,11,17,13.0,53,Moderate,13.0,UG/M3,1 Hr,Valid
Lima,PM2.5 - Principal,2021-03-11 06:00 PM,2021,03,11,18,17.0,61,Moderate,21.0,UG/M3,1 Hr,Valid
Lima,PM2.5 - Principal,2021-03-11 07:00 PM,2021,03,11,19,15.0,57,Moderate,13.0,UG/M3,1 Hr,Valid
Lima,PM2.5 - Principal,2021-03-11 08:00 PM,2021,03,11,20,11.5,48,Good,8.0,UG/M3,1 Hr,Valid
Lima,PM2.5 - Principal,2021-03-11 09:00 PM,2021,03,11,21,11.7,49,Good,12.0,UG/M3,1 Hr,Valid
Lima,PM2.5 - Principal,2021-03-11 10:00 PM,2021,03,11,22,10.8,45,Good,10.0,UG/M3,1 Hr,Valid
Lima,PM2.5 - Principal,2021-03-11 11:00 PM,2021,03,11,23,10.9,45,Good,11.0,UG/M3,1 Hr,Valid
Lima,PM2.5 - Principal,2021-03-12 12:00 AM,2021,03,12,00,10.4,43,Good,10.0,UG/M3,1 Hr,Valid
Lima,PM2.5 - Principal,2021-03-12 01:00 AM,2021,03,12,01,8.7,36,Good,7.0,UG/M3,1 Hr,Valid
Lima,PM2.5 - Principal,2021-03-12 02:00 AM,2021,03,12,02,9.8,41,Good,11.0,UG/M3,1 Hr,Valid
Lima,PM2.5 - Principal,2021-03-12 03:00 AM,2021,03,12,03,8.9,37,Good,8.0,UG/M3,1 Hr,Valid
Lima,PM2.5 - Principal,2021-03-12 04:00 AM,2021,03,12,04,9.4,39,Good,10.0,UG/M3,1 Hr,Valid
Lima,PM2.5 - Principal,2021-03-12 05:00 AM,2021,03,12,05,10.2,43,Good,11.0,UG/M3,1 Hr,Valid
Lima,PM2.5 - Principal,2021-03-12 06:00 AM,2021,03,12,06,9.1,38,Good,8.0,UG/M3,1 Hr,Valid
Lima,PM2.5 - Principal,2021-03-12 07:00 AM,2021,03,12,07,10.9,45,Good,13.0,UG/M3,1 Hr,Valid
Lima,PM2.5 - Principal,2021-03-12 08:00 AM,2021,03,12,08,11.8,49,Good,13.0,UG/M3,1 Hr,Valid
Lima,PM2.5 - Principal,2021-03-12 09:00 AM,2021,03,12,09,11.9,50,Good,12.0,UG/M3,1 Hr,Valid
Lima,PM2.5 - Principal,2021-03-12 10:00 AM,2021,03,12,10,16.0,59,Moderate,20.0,UG/M3,1 Hr,Valid
Lima,PM2.5 - Principal,2021-03-12 11:00 AM,2021,03,12,11,18.0,63,Moderate,20.0,UG/M3,1 Hr,Valid
Lima,PM2.5 - Principal,2021-03-12 12:00 PM,2021,03,12,12,18.0,63,Moderate,18.0,UG/M3,1 Hr,Valid
Lima,PM2.5 - Principal,2021-03-12 01:00 PM,2021,03,12,13,18.0,63,Moderate,18.0,UG/M3,1 Hr,Valid
Lima,PM2.5 - Principal,2021-03-12 02:00 PM,2021,03,12,14,17.0,61,Moderate,16.0,UG/M3,1 Hr,Valid
Lima,PM2.5 - Principal,2021-03-12 03:00 PM,2021,03,12,15,17.0,61,Moderate,17.0,UG/M3,1 Hr,Valid
Lima,PM2.5 - Principal,2021-03-12 04:00 PM,2021,03,12,16,18.0,63,Moderate,19.0,UG/M3,1 Hr,Valid
Lima,PM2.5 - Principal,2021-03-12 05:00 PM,2021,03,12,17,16.5,60,Moderate,15.0,UG/M3,1 Hr,Valid
Lima,PM2.5 - Principal,2021-03-12 06:00 PM,2021,03,12,18,14.8,57,Moderate,12.0,UG/M3,1 Hr,Valid
Lima,PM2.5 - Principal,2021-03-12 07:00 PM,2021,03,12,19,14.4,56,Moderate,14.0,UG/M3,1 Hr,Valid
Lima,PM2.5 - Principal,2021-03-12 08:00 PM,2021,03,12,20,15.4,58,Moderate,17.0,UG/M3,1 Hr,Valid
Lima,PM2.5 - Principal,2021-03-12 09:00 PM,2021,03,12,21,13.4,54,Moderate,11.0,UG/M3,1 Hr,Valid
Lima,PM2.5 - Principal,2021-03-12 10:00 PM,2021,03,12,22,15.5,58,Moderate,18.0,UG/M3,1 Hr,Valid
Lima,PM2.5 - Principal,2021-03-12 11:00 PM,2021,03,12,23,15.6,58,Moderate,16.0,UG/M3,1 Hr,Valid
Lima,PM2.5 - Principal,2021-03-13 12:00 AM,2021,03,13,00,14.5,56,Moderate,13.0,UG/M3,1 Hr,Valid
Lima,PM2.5 - Principal,2021-03-13 01:00 AM,2021,03,13,01,11.7,49,Good,9.0,UG/M3,1 Hr,Valid
Lima,PM2.5 - Principal,2021-03-13 02:00 AM,2021,03,13,02,10.3,43,Good,9.0,UG/M3,1 Hr,Valid
Lima,PM2.5 - Principal,2021-03-13 03:00 AM,2021,03,13,03,10.6,44,Good,11.0,UG/M3,1 Hr,Valid
Lima,PM2.5 - Principal,2021-03-13 04:00 AM,2021,03,13,04,14.3,56,Moderate,18.0,UG/M3,1 Hr,Valid
Lima,PM2.5 - Principal,2021-03-13 05:00 AM,2021,03,13,05,12.6,52,Moderate,11.0,UG/M3,1 Hr,Valid
Lima,PM2.5 - Principal,2021-03-13 06:00 AM,2021,03,13,06,11.8,49,Good,11.0,UG/M3,1 Hr,Valid
Lima,PM2.5 - Principal,2021-03-13 07:00 AM,2021,03,13,07,15.4,58,Moderate,19.0,UG/M3,1 Hr,Valid
Lima,PM2.5 - Principal,2021-03-13 08:00 AM,2021,03,13,08,14.7,56,Moderate,14.0,UG/M3,1 Hr,Valid
Lima,PM2.5 - Principal,2021-03-13 09:00 AM,2021,03,13,09,13.8,55,Moderate,13.0,UG/M3,1 Hr,Valid
Lima,PM2.5 - Principal,2021-03-13 10:00 AM,2021,03,13,10,14.9,57,Moderate,16.0,UG/M3,1 Hr,Valid
Lima,PM2.5 - Principal,2021-03-13 11:00 AM,2021,03,13,11,17.9,63,Moderate,21.0,UG/M3,1 Hr,Valid
Lima,PM2.5 - Principal,2021-03-13 12:00 PM,2021,03,13,12,16.9,61,Moderate,16.0,UG/M3,1 Hr,Valid
Lima,PM2.5 - Principal,2021-03-13 01:00 PM,2021,03,13,13,11.9,50,Good,7.0,UG/M3,1 Hr,Valid
Lima,PM2.5 - Principal,2021-03-13 02:00 PM,2021,03,13,14,12.4,52,Moderate,13.0,UG/M3,1 Hr,Valid
Lima,PM2.5 - Principal,2021-03-13 03:00 PM,2021,03,13,15,10.7,45,Good,9.0,UG/M3,1 Hr,Valid
Lima,PM2.5 - Principal,2021-03-13 04:00 PM,2021,03,13,16,9.8,41,Good,9.0,UG/M3,1 Hr,Valid
Lima,PM2.5 - Principal,2021-03-13 05:00 PM,2021,03,13,17,8.9,37,Good,8.0,UG/M3,1 Hr,Valid
Lima,PM2.5 - Principal,2021-03-13 06:00 PM,2021,03,13,18,6.9,29,Good,5.0,UG/M3,1 Hr,Valid
Lima,PM2.5 - Principal,2021-03-13 07:00 PM,2021,03,13,19,6.4,27,Good,6.0,UG/M3,1 Hr,Valid
Lima,PM2.5 - Principal,2021-03-13 08:00 PM,2021,03,13,20,7.2,30,Good,8.0,UG/M3,1 Hr,Valid
Lima,PM2.5 - Principal,2021-03-13 09:00 PM,2021,03,13,21,8.6,36,Good,10.0,UG/M3,1 Hr,Valid
Lima,PM2.5 - Principal,2021-03-13 10:00 PM,2021,03,13,22,9.3,39,Good,10.0,UG/M3,1 Hr,Valid
Lima,PM2.5 - Principal,2021-03-13 11:00 PM,2021,03,13,23,10.1,42,Good,11.0,UG/M3,1 Hr,Valid
Lima,PM2.5 - Principal,2021-03-14 12:00 AM,2021,03,14,00,10.0,42,Good,10.0,UG/M3,1 Hr,Valid
Lima,PM2.5 - Principal,2021-03-14 01:00 AM,2021,03,14,01,9.0,38,Good,8.0,UG/M3,1 Hr,Valid
Lima,PM2.5 - Principal,2021-03-14 02:00 AM,2021,03,14,02,10.5,44,Good,12.0,UG/M3,1 Hr,Valid
Lima,PM2.5 - Principal,2021-03-14 03:00 AM,2021,03,14,03,12.2,51,Moderate,14.0,UG/M3,1 Hr,Valid
Lima,PM2.5 - Principal,2021-03-14 04:00 AM,2021,03,14,04,12.1,51,Moderate,12.0,UG/M3,1 Hr,Valid
Lima,PM2.5 - Principal,2021-03-14 05:00 AM,2021,03,14,05,12.0,50,Good,12.0,UG/M3,1 Hr,Valid
Lima,PM2.5 - Principal,2021-03-14 06:00 AM,2021,03,14,06,12.5,52,Moderate,13.0,UG/M3,1 Hr,Valid
Lima,PM2.5 - Principal,2021-03-14 07:00 AM,2021,03,14,07,13.6,54,Moderate,15.0,UG/M3,1 Hr,Valid
Lima,PM2.5 - Principal,2021-03-14 08:00 AM,2021,03,14,08,11.4,48,Good,9.0,UG/M3,1 Hr,Valid
Lima,PM2.5 - Principal,2021-03-14 09:00 AM,2021,03,14,09,10.7,45,Good,10.0,UG/M3,1 Hr,Valid
Lima,PM2.5 - Principal,2021-03-14 10:00 AM,2021,03,14,10,9.9,41,Good,9.0,UG/M3,1 Hr,Valid
Lima,PM2.5 - Principal,2021-03-14 11:00 AM,2021,03,14,11,11.3,47,Good,13.0,UG/M3,1 Hr,Valid
Lima,PM2.5 - Principal,2021-03-14 12:00 PM,2021,03,14,12,14.7,56,Moderate,18.0,UG/M3,1 Hr,Valid
Lima,PM2.5 - Principal,2021-03-14 01:00 PM,2021,03,14,13,13.8,55,Moderate,13.0,UG/M3,1 Hr,Valid
Lima,PM2.5 - Principal,2021-03-14 02:00 PM,2021,03,14,14,10.9,45,Good,8.0,UG/M3,1 Hr,Valid
Lima,PM2.5 - Principal,2021-03-14 03:00 PM,2021,03,14,15,9.9,41,Good,9.0,UG/M3,1 Hr,Valid
Lima,PM2.5 - Principal,2021-03-14 04:00 PM,2021,03,14,16,9.4,39,Good,9.0,UG/M3,1 Hr,Valid
Lima,PM2.5 - Principal,2021-03-14 05:00 PM,2021,03,14,17,8.7,36,Good,8.0,UG/M3,1 Hr,Valid
Lima,PM2.5 - Principal,2021-03-14 06:00 PM,2021,03,14,18,7.8,33,Good,7.0,UG/M3,1 Hr,Valid
Lima,PM2.5 - Principal,2021-03-14 07:00 PM,2021,03,14,19,11.4,48,Good,15.0,UG/M3,1 Hr,Valid
Lima,PM2.5 - Principal,2021-03-14 08:00 PM,2021,03,14,20,14.7,56,Moderate,18.0,UG/M3,1 Hr,Valid
Lima,PM2.5 - Principal,2021-03-14 09:00 PM,2021,03,14,21,17.8,63,Moderate,21.0,UG/M3,1 Hr,Valid
Lima,PM2.5 - Principal,2021-03-14 10:00 PM,2021,03,14,22,17.4,62,Moderate,17.0,UG/M3,1 Hr,Valid
Lima,PM2.5 - Principal,2021-03-14 11:00 PM,2021,03,14,23,17.2,62,Moderate,17.0,UG/M3,1 Hr,Valid
Lima,PM2.5 - Principal,2021-03-15 12:00 AM,2021,03,15,00,17.1,62,Moderate,17.0,UG/M3,1 Hr,Valid
Lima,PM2.5 - Principal,2021-03-15 01:00 AM,2021,03,15,01,10.5,44,Good,4.0,UG/M3,1 Hr,Valid
Lima,PM2.5 - Principal,2021-03-15 02:00 AM,2021,03,15,02,10.5,44,Good,-999.0,UG/M3,1 Hr,Missing
Lima,PM2.5 - Principal,2021-03-15 01:00 PM,2021,03,15,13,-999.0,-999,N/A,16.0,UG/M3,1 Hr,Valid
Lima,PM2.5 - Principal,2021-03-15 02:00 PM,2021,03,15,14,14.3,56,Moderate,13.0,UG/M3,1 Hr,Valid
Lima,PM2.5 - Principal,2021-03-15 03:00 PM,2021,03,15,15,14.2,55,Moderate,14.0,UG/M3,1 Hr,Valid
Lima,PM2.5 - Principal,2021-03-15 04:00 PM,2021,03,15,16,18.3,64,Moderate,23.0,UG/M3,1 Hr,Valid
Lima,PM2.5 - Principal,2021-03-15 05:00 PM,2021,03,15,17,18.6,65,Moderate,19.0,UG/M3,1 Hr,Valid
Lima,PM2.5 - Principal,2021-03-15 06:00 PM,2021,03,15,18,19.7,67,Moderate,21.0,UG/M3,1 Hr,Valid
Lima,PM2.5 - Principal,2021-03-15 07:00 PM,2021,03,15,19,16.0,59,Moderate,12.0,UG/M3,1 Hr,Valid
Lima,PM2.5 - Principal,2021-03-15 08:00 PM,2021,03,15,20,16.0,59,Moderate,16.0,UG/M3,1 Hr,Valid
Lima,PM2.5 - Principal,2021-03-15 09:00 PM,2021,03,15,21,16.4,60,Moderate,17.0,UG/M3,1 Hr,Valid
Lima,PM2.5 - Principal,2021-03-15 10:00 PM,2021,03,15,22,18.1,64,Moderate,20.0,UG/M3,1 Hr,Valid
Lima,PM2.5 - Principal,2021-03-15 11:00 PM,2021,03,15,23,18.5,64,Moderate,19.0,UG/M3,1 Hr,Valid
Lima,PM2.5 - Principal,2021-03-16 12:00 AM,2021,03,16,00,19.2,66,Moderate,20.0,UG/M3,1 Hr,Valid
Lima,PM2.5 - Principal,2021-03-16 01:00 AM,2021,03,16,01,18.6,65,Moderate,18.0,UG/M3,1 Hr,Valid
Lima,PM2.5 - Principal,2021-03-16 02:00 AM,2021,03,16,02,19.2,66,Moderate,20.0,UG/M3,1 Hr,Valid
Lima,PM2.5 - Principal,2021-03-16 03:00 AM,2021,03,16,03,16.2,60,Moderate,13.0,UG/M3,1 Hr,Valid
Lima,PM2.5 - Principal,2021-03-16 04:00 AM,2021,03,16,04,13.0,53,Moderate,10.0,UG/M3,1 Hr,Valid
Lima,PM2.5 - Principal,2021-03-16 05:00 AM,2021,03,16,05,11.0,46,Good,9.0,UG/M3,1 Hr,Valid
Lima,PM2.5 - Principal,2021-03-16 06:00 AM,2021,03,16,06,10.0,42,Good,9.0,UG/M3,1 Hr,Valid
Lima,PM2.5 - Principal,2021-03-16 07:00 AM,2021,03,16,07,10.5,44,Good,11.0,UG/M3,1 Hr,Valid
Lima,PM2.5 - Principal,2021-03-16 08:00 AM,2021,03,16,08,11.7,49,Good,13.0,UG/M3,1 Hr,Valid
Lima,PM2.5 - Principal,2021-03-16 09:00 AM,2021,03,16,09,11.3,47,Good,11.0,UG/M3,1 Hr,Valid
Lima,PM2.5 - Principal,2021-03-16 10:00 AM,2021,03,16,10,12.6,52,Moderate,14.0,UG/M3,1 Hr,Valid
Lima,PM2.5 - Principal,2021-03-16 11:00 AM,2021,03,16,11,15.8,59,Moderate,19.0,UG/M3,1 Hr,Valid
Lima,PM2.5 - Principal,2021-03-16 12:00 PM,2021,03,16,12,18.9,65,Moderate,22.0,UG/M3,1 Hr,Valid
Lima,PM2.5 - Principal,2021-03-16 01:00 PM,2021,03,16,13,16.9,61,Moderate,15.0,UG/M3,1 Hr,Valid
Lima,PM2.5 - Principal,2021-03-16 02:00 PM,2021,03,16,14,16.4,60,Moderate,16.0,UG/M3,1 Hr,Valid
Lima,PM2.5 - Principal,2021-03-16 03:00 PM,2021,03,16,15,13.7,54,Moderate,11.0,UG/M3,1 Hr,Valid
Lima,PM2.5 - Principal,2021-03-16 04:00 PM,2021,03,16,16,14.3,56,Moderate,15.0,UG/M3,1 Hr,Valid
Lima,PM2.5 - Principal,2021-03-16 05:00 PM,2021,03,16,17,13.1,53,Moderate,12.0,UG/M3,1 Hr,Valid
Lima,PM2.5 - Principal,2021-03-16 06:00 PM,2021,03,16,18,16.5,60,Moderate,20.0,UG/M3,1 Hr,Valid
Lima,PM2.5 - Principal,2021-03-16 07:00 PM,2021,03,16,19,21.7,71,Moderate,27.0,UG/M3,1 Hr,Valid
Lima,PM2.5 - Principal,2021-03-16 08:00 PM,2021,03,16,20,24.9,78,Moderate,28.0,UG/M3,1 Hr,Valid
Lima,PM2.5 - Principal,2021-03-16 09:00 PM,2021,03,16,21,25.4,79,Moderate,26.0,UG/M3,1 Hr,Valid
Lima,PM2.5 - Principal,2021-03-16 10:00 PM,2021,03,16,22,26.7,82,Moderate,28.0,UG/M3,1 Hr,Valid
Lima,PM2.5 - Principal,2021-03-16 11:00 PM,2021,03,16,23,29.3,87,Moderate,32.0,UG/M3,1 Hr,Valid
Lima,PM2.5 - Principal,2021-03-17 12:00 AM,2021,03,17,00,23.1,74,Moderate,17.0,UG/M3,1 Hr,Valid
Lima,PM2.5 - Principal,2021-03-17 01:00 AM,2021,03,17,01,21.0,70,Moderate,19.0,UG/M3,1 Hr,Valid
Lima,PM2.5 - Principal,2021-03-17 02:00 AM,2021,03,17,02,20.0,68,Moderate,19.0,UG/M3,1 Hr,Valid
Lima,PM2.5 - Principal,2021-03-17 03:00 AM,2021,03,17,03,20.5,69,Moderate,21.0,UG/M3,1 Hr,Valid
Lima,PM2.5 - Principal,2021-03-17 04:00 AM,2021,03,17,04,17.7,63,Moderate,15.0,UG/M3,1 Hr,Valid
Lima,PM2.5 - Principal,2021-03-17 05:00 AM,2021,03,17,05,17.8,63,Moderate,18.0,UG/M3,1 Hr,Valid
Lima,PM2.5 - Principal,2021-03-17 06:00 AM,2021,03,17,06,16.4,60,Moderate,15.0,UG/M3,1 Hr,Valid
Lima,PM2.5 - Principal,2021-03-17 07:00 AM,2021,03,17,07,16.2,60,Moderate,16.0,UG/M3,1 Hr,Valid
Lima,PM2.5 - Principal,2021-03-17 08:00 AM,2021,03,17,08,17.6,63,Moderate,19.0,UG/M3,1 Hr,Valid
Lima,PM2.5 - Principal,2021-03-17 09:00 AM,2021,03,17,09,21.8,71,Moderate,26.0,UG/M3,1 Hr,Valid
Lima,PM2.5 - Principal,2021-03-17 10:00 AM,2021,03,17,10,24.4,77,Moderate,27.0,UG/M3,1 Hr,Valid
Lima,PM2.5 - Principal,2021-03-17 11:00 AM,2021,03,17,11,21.2,70,Moderate,18.0,UG/M3,1 Hr,Valid
Lima,PM2.5 - Principal,2021-03-17 12:00 PM,2021,03,17,12,21.5,71,Moderate,22.0,UG/M3,1 Hr,Valid
Lima,PM2.5 - Principal,2021-03-17 01:00 PM,2021,03,17,13,17.2,62,Moderate,13.0,UG/M3,1 Hr,Valid
Lima,PM2.5 - Principal,2021-03-17 02:00 PM,2021,03,17,14,13.1,53,Moderate,9.0,UG/M3,1 Hr,Valid
Lima,PM2.5 - Principal,2021-03-17 03:00 PM,2021,03,17,15,12.0,50,Good,11.0,UG/M3,1 Hr,Valid
Lima,PM2.5 - Principal,2021-03-17 04:00 PM,2021,03,17,16,13.5,54,Moderate,15.0,UG/M3,1 Hr,Valid
Lima,PM2.5 - Principal,2021-03-17 05:00 PM,2021,03,17,17,14.2,55,Moderate,15.0,UG/M3,1 Hr,Valid
Lima,PM2.5 - Principal,2021-03-17 06:00 PM,2021,03,17,18,17.6,63,Moderate,21.0,UG/M3,1 Hr,Valid
Lima,PM2.5 - Principal,2021-03-17 07:00 PM,2021,03,17,19,19.8,67,Moderate,22.0,UG/M3,1 Hr,Valid
Lima,PM2.5 - Principal,2021-03-17 08:00 PM,2021,03,17,20,19.9,67,Moderate,20.0,UG/M3,1 Hr,Valid
Lima,PM2.5 - Principal,2021-03-17 09:00 PM,2021,03,17,21,21.4,71,Moderate,23.0,UG/M3,1 Hr,Valid
Lima,PM2.5 - Principal,2021-03-17 10:00 PM,2021,03,17,22,19.7,67,Moderate,18.0,UG/M3,1 Hr,Valid
Lima,PM2.5 - Principal,2021-03-17 11:00 PM,2021,03,17,23,21.3,70,Moderate,23.0,UG/M3,1 Hr,Valid
Lima,PM2.5 - Principal,2021-03-18 12:00 AM,2021,03,18,00,18.6,65,Moderate,16.0,UG/M3,1 Hr,Valid
Lima,PM2.5 - Principal,2021-03-18 01:00 AM,2021,03,18,01,15.3,58,Moderate,12.0,UG/M3,1 Hr,Valid
Lima,PM2.5 - Principal,2021-03-18 02:00 AM,2021,03,18,02,12.1,51,Moderate,9.0,UG/M3,1 Hr,Valid
Lima,PM2.5 - Principal,2021-03-18 03:00 AM,2021,03,18,03,10.0,42,Good,8.0,UG/M3,1 Hr,Valid
Lima,PM2.5 - Principal,2021-03-18 04:00 AM,2021,03,18,04,10.0,42,Good,10.0,UG/M3,1 Hr,Valid
Lima,PM2.5 - Principal,2021-03-18 05:00 AM,2021,03,18,05,9.5,40,Good,9.0,UG/M3,1 Hr,Valid
Lima,PM2.5 - Principal,2021-03-18 06:00 AM,2021,03,18,06,8.2,34,Good,7.0,UG/M3,1 Hr,Valid
Lima,PM2.5 - Principal,2021-03-18 07:00 AM,2021,03,18,07,8.6,36,Good,9.0,UG/M3,1 Hr,Valid
Lima,PM2.5 - Principal,2021-03-18 08:00 AM,2021,03,18,08,12.3,51,Moderate,16.0,UG/M3,1 Hr,Valid
Lima,PM2.5 - Principal,2021-03-18 09:00 AM,2021,03,18,09,18.1,64,Moderate,24.0,UG/M3,1 Hr,Valid
Lima,PM2.5 - Principal,2021-03-18 10:00 AM,2021,03,18,10,18.5,64,Moderate,19.0,UG/M3,1 Hr,Valid
Lima,PM2.5 - Principal,2021-03-18 11:00 AM,2021,03,18,11,23.2,74,Moderate,28.0,UG/M3,1 Hr,Valid
Lima,PM2.5 - Principal,2021-03-18 12:00 PM,2021,03,18,12,20.6,69,Moderate,18.0,UG/M3,1 Hr,Valid
Lima,PM2.5 - Principal,2021-03-18 01:00 PM,2021,03,18,13,23.3,75,Moderate,26.0,UG/M3,1 Hr,Valid
Lima,PM2.5 - Principal,2021-03-18 02:00 PM,2021,03,18,14,16.6,60,Moderate,10.0,UG/M3,1 Hr,Valid
Lima,PM2.5 - Principal,2021-03-18 03:00 PM,2021,03,18,15,15.8,59,Moderate,15.0,UG/M3,1 Hr,Valid
Lima,PM2.5 - Principal,2021-03-18 04:00 PM,2021,03,18,16,18.4,64,Moderate,21.0,UG/M3,1 Hr,Valid
Lima,PM2.5 - Principal,2021-03-18 05:00 PM,2021,03,18,17,19.7,67,Moderate,21.0,UG/M3,1 Hr,Valid
Lima,PM2.5 - Principal,2021-03-18 06:00 PM,2021,03,18,18,21.8,71,Moderate,24.0,UG/M3,1 Hr,Valid
Lima,PM2.5 - Principal,2021-03-18 07:00 PM,2021,03,18,19,20.4,68,Moderate,19.0,UG/M3,1 Hr,Valid
Lima,PM2.5 - Principal,2021-03-18 08:00 PM,2021,03,18,20,21.7,71,Moderate,23.0,UG/M3,1 Hr,Valid
Lima,PM2.5 - Principal,2021-03-18 09:00 PM,2021,03,18,21,26.3,81,Moderate,31.0,UG/M3,1 Hr,Valid
Lima,PM2.5 - Principal,2021-03-18 10:00 PM,2021,03,18,22,25.1,78,Moderate,24.0,UG/M3,1 Hr,Valid
Lima,PM2.5 - Principal,2021-03-18 11:00 PM,2021,03,18,23,20.5,69,Moderate,16.0,UG/M3,1 Hr,Valid
Lima,PM2.5 - Principal,2021-03-19 12:00 AM,2021,03,19,00,14.2,55,Moderate,8.0,UG/M3,1 Hr,Valid
Lima,PM2.5 - Principal,2021-03-19 01:00 AM,2021,03,19,01,12.1,51,Moderate,10.0,UG/M3,1 Hr,Valid
Lima,PM2.5 - Principal,2021-03-19 02:00 AM,2021,03,19,02,10.0,42,Good,8.0,UG/M3,1 Hr,Valid
Lima,PM2.5 - Principal,2021-03-19 03:00 AM,2021,03,19,03,9.0,38,Good,8.0,UG/M3,1 Hr,Valid
Lima,PM2.5 - Principal,2021-03-19 04:00 AM,2021,03,19,04,10.0,42,Good,11.0,UG/M3,1 Hr,Valid
Lima,PM2.5 - Principal,2021-03-19 05:00 AM,2021,03,19,05,9.0,38,Good,8.0,UG/M3,1 Hr,Valid
Lima,PM2.5 - Principal,2021-03-19 06:00 AM,2021,03,19,06,9.0,38,Good,9.0,UG/M3,1 Hr,Valid
Lima,PM2.5 - Principal,2021-03-19 07:00 AM,2021,03,19,07,8.4,35,Good,8.0,UG/M3,1 Hr,Valid
Lima,PM2.5 - Principal,2021-03-19 08:00 AM,2021,03,19,08,11.2,47,Good,14.0,UG/M3,1 Hr,Valid
Lima,PM2.5 - Principal,2021-03-19 09:00 AM,2021,03,19,09,12.6,52,Moderate,14.0,UG/M3,1 Hr,Valid
Lima,PM2.5 - Principal,2021-03-19 10:00 AM,2021,03,19,10,14.8,57,Moderate,17.0,UG/M3,1 Hr,Valid
Lima,PM2.5 - Principal,2021-03-19 11:00 AM,2021,03,19,11,17.4,62,Moderate,20.0,UG/M3,1 Hr,Valid
Lima,PM2.5 - Principal,2021-03-19 12:00 PM,2021,03,19,12,16.7,61,Moderate,16.0,UG/M3,1 Hr,Valid
Lima,PM2.5 - Principal,2021-03-19 01:00 PM,2021,03,19,13,15.8,59,Moderate,15.0,UG/M3,1 Hr,Valid
Lima,PM2.5 - Principal,2021-03-19 02:00 PM,2021,03,19,14,13.9,55,Moderate,12.0,UG/M3,1 Hr,Valid
Lima,PM2.5 - Principal,2021-03-19 03:00 PM,2021,03,19,15,15.4,58,Moderate,17.0,UG/M3,1 Hr,Valid
Lima,PM2.5 - Principal,2021-03-19 04:00 PM,2021,03,19,16,17.2,62,Moderate,19.0,UG/M3,1 Hr,Valid
Lima,PM2.5 - Principal,2021-03-19 05:00 PM,2021,03,19,17,17.1,62,Moderate,17.0,UG/M3,1 Hr,Valid
Lima,PM2.5 - Principal,2021-03-19 06:00 PM,2021,03,19,18,22.0,72,Moderate,27.0,UG/M3,1 Hr,Valid
Lima,PM2.5 - Principal,2021-03-19 07:00 PM,2021,03,19,19,22.0,72,Moderate,22.0,UG/M3,1 Hr,Valid
Lima,PM2.5 - Principal,2021-03-19 08:00 PM,2021,03,19,20,25.0,78,Moderate,28.0,UG/M3,1 Hr,Valid
Lima,PM2.5 - Principal,2021-03-19 09:00 PM,2021,03,19,21,28.5,85,Moderate,32.0,UG/M3,1 Hr,Valid
Lima,PM2.5 - Principal,2021-03-19 10:00 PM,2021,03,19,22,25.2,79,Moderate,22.0,UG/M3,1 Hr,Valid
Lima,PM2.5 - Principal,2021-03-19 11:00 PM,2021,03,19,23,23.6,75,Moderate,22.0,UG/M3,1 Hr,Valid
Lima,PM2.5 - Principal,2021-03-20 12:00 AM,2021,03,20,00,26.3,81,Moderate,29.0,UG/M3,1 Hr,Valid
Lima,PM2.5 - Principal,2021-03-20 01:00 AM,2021,03,20,01,17.6,63,Moderate,9.0,UG/M3,1 Hr,Valid
Lima,PM2.5 - Principal,2021-03-20 02:00 AM,2021,03,20,02,15.8,59,Moderate,14.0,UG/M3,1 Hr,Valid
Lima,PM2.5 - Principal,2021-03-20 03:00 AM,2021,03,20,03,14.4,56,Moderate,13.0,UG/M3,1 Hr,Valid
Lima,PM2.5 - Principal,2021-03-20 04:00 AM,2021,03,20,04,17.7,63,Moderate,21.0,UG/M3,1 Hr,Valid
Lima,PM2.5 - Principal,2021-03-20 05:00 AM,2021,03,20,05,14.8,57,Moderate,12.0,UG/M3,1 Hr,Valid
Lima,PM2.5 - Principal,2021-03-20 06:00 AM,2021,03,20,06,15.9,59,Moderate,17.0,UG/M3,1 Hr,Valid
Lima,PM2.5 - Principal,2021-03-20 07:00 AM,2021,03,20,07,17.9,63,Moderate,20.0,UG/M3,1 Hr,Valid
Lima,PM2.5 - Principal,2021-03-20 08:00 AM,2021,03,20,08,18.4,64,Moderate,19.0,UG/M3,1 Hr,Valid
Lima,PM2.5 - Principal,2021-03-20 09:00 AM,2021,03,20,09,25.2,79,Moderate,32.0,UG/M3,1 Hr,Valid
Lima,PM2.5 - Principal,2021-03-20 10:00 AM,2021,03,20,10,25.1,78,Moderate,25.0,UG/M3,1 Hr,Valid
Lima,PM2.5 - Principal,2021-03-20 11:00 AM,2021,03,20,11,29.5,88,Moderate,34.0,UG/M3,1 Hr,Valid
Lima,PM2.5 - Principal,2021-03-20 12:00 PM,2021,03,20,12,32.7,94,Moderate,36.0,UG/M3,1 Hr,Valid
Lima,PM2.5 - Principal,2021-03-20 01:00 PM,2021,03,20,13,33.8,97,Moderate,35.0,UG/M3,1 Hr,Valid
Lima,PM2.5 - Principal,2021-03-20 02:00 PM,2021,03,20,14,26.4,81,Moderate,19.0,UG/M3,1 Hr,Valid
Lima,PM2.5 - Principal,2021-03-20 03:00 PM,2021,03,20,15,22.2,72,Moderate,18.0,UG/M3,1 Hr,Valid
Lima,PM2.5 - Principal,2021-03-20 04:00 PM,2021,03,20,16,17.6,63,Moderate,13.0,UG/M3,1 Hr,Valid
Lima,PM2.5 - Principal,2021-03-20 05:00 PM,2021,03,20,17,16.8,61,Moderate,16.0,UG/M3,1 Hr,Valid
Lima,PM2.5 - Principal,2021-03-20 06:00 PM,2021,03,20,18,17.9,63,Moderate,19.0,UG/M3,1 Hr,Valid
Lima,PM2.5 - Principal,2021-03-20 07:00 PM,2021,03,20,19,21.4,71,Moderate,25.0,UG/M3,1 Hr,Valid
Lima,PM2.5 - Principal,2021-03-20 08:00 PM,2021,03,20,20,26.7,82,Moderate,32.0,UG/M3,1 Hr,Valid
Lima,PM2.5 - Principal,2021-03-20 09:00 PM,2021,03,20,21,31.3,91,Moderate,36.0,UG/M3,1 Hr,Valid
Lima,PM2.5 - Principal,2021-03-20 10:00 PM,2021,03,20,22,31.1,91,Moderate,31.0,UG/M3,1 Hr,Valid
Lima,PM2.5 - Principal,2021-03-20 11:00 PM,2021,03,20,23,27.0,82,Moderate,23.0,UG/M3,1 Hr,Valid
Lima,PM2.5 - Principal,2021-03-21 12:00 AM,2021,03,21,00,26.0,80,Moderate,25.0,UG/M3,1 Hr,Valid
Lima,PM2.5 - Principal,2021-03-21 01:00 AM,2021,03,21,01,25.5,79,Moderate,25.0,UG/M3,1 Hr,Valid
Lima,PM2.5 - Principal,2021-03-21 02:00 AM,2021,03,21,02,24.2,76,Moderate,23.0,UG/M3,1 Hr,Valid
Lima,PM2.5 - Principal,2021-03-21 03:00 AM,2021,03,21,03,22.6,73,Moderate,21.0,UG/M3,1 Hr,Valid
Lima,PM2.5 - Principal,2021-03-21 04:00 AM,2021,03,21,04,18.3,64,Moderate,14.0,UG/M3,1 Hr,Valid
Lima,PM2.5 - Principal,2021-03-21 05:00 AM,2021,03,21,05,15.1,57,Moderate,12.0,UG/M3,1 Hr,Valid
Lima,PM2.5 - Principal,2021-03-21 06:00 AM,2021,03,21,06,15.5,58,Moderate,16.0,UG/M3,1 Hr,Valid
Lima,PM2.5 - Principal,2021-03-21 07:00 AM,2021,03,21,07,16.2,60,Moderate,17.0,UG/M3,1 Hr,Valid
Lima,PM2.5 - Principal,2021-03-21 08:00 AM,2021,03,21,08,15.1,57,Moderate,14.0,UG/M3,1 Hr,Valid
Lima,PM2.5 - Principal,2021-03-21 09:00 AM,2021,03,21,09,17.0,61,Moderate,19.0,UG/M3,1 Hr,Valid
Lima,PM2.5 - Principal,2021-03-21 10:00 AM,2021,03,21,10,20.5,69,Moderate,24.0,UG/M3,1 Hr,Valid
Lima,PM2.5 - Principal,2021-03-21 11:00 AM,2021,03,21,11,18.7,65,Moderate,17.0,UG/M3,1 Hr,Valid
Lima,PM2.5 - Principal,2021-03-21 12:00 PM,2021,03,21,12,21.8,71,Moderate,25.0,UG/M3,1 Hr,Valid
Lima,PM2.5 - Principal,2021-03-21 01:00 PM,2021,03,21,13,19.9,67,Moderate,18.0,UG/M3,1 Hr,Valid
Lima,PM2.5 - Principal,2021-03-21 02:00 PM,2021,03,21,14,17.4,62,Moderate,15.0,UG/M3,1 Hr,Valid
Lima,PM2.5 - Principal,2021-03-21 03:00 PM,2021,03,21,15,13.2,53,Moderate,9.0,UG/M3,1 Hr,Valid
Lima,PM2.5 - Principal,2021-03-21 04:00 PM,2021,03,21,16,15.1,57,Moderate,17.0,UG/M3,1 Hr,Valid
Lima,PM2.5 - Principal,2021-03-21 05:00 PM,2021,03,21,17,17.0,61,Moderate,19.0,UG/M3,1 Hr,Valid
Lima,PM2.5 - Principal,2021-03-21 06:00 PM,2021,03,21,18,18.0,63,Moderate,19.0,UG/M3,1 Hr,Valid
Lima,PM2.5 - Principal,2021-03-21 07:00 PM,2021,03,21,19,15.5,58,Moderate,13.0,UG/M3,1 Hr,Valid
Lima,PM2.5 - Principal,2021-03-21 08:00 PM,2021,03,21,20,15.2,58,Moderate,15.0,UG/M3,1 Hr,Valid
Lima,PM2.5 - Principal,2021-03-21 09:00 PM,2021,03,21,21,18.1,64,Moderate,21.0,UG/M3,1 Hr,Valid
Lima,PM2.5 - Principal,2021-03-21 10:00 PM,2021,03,21,22,21.0,70,Moderate,24.0,UG/M3,1 Hr,Valid
Lima,PM2.5 - Principal,2021-03-21 11:00 PM,2021,03,21,23,21.5,71,Moderate,22.0,UG/M3,1 Hr,Valid
Lima,PM2.5 - Principal,2021-03-22 12:00 AM,2021,03,22,00,19.2,66,Moderate,17.0,UG/M3,1 Hr,Valid
Lima,PM2.5 - Principal,2021-03-22 01:00 AM,2021,03,22,01,15.1,57,Moderate,11.0,UG/M3,1 Hr,Valid
Lima,PM2.5 - Principal,2021-03-22 02:00 AM,2021,03,22,02,15.0,57,Moderate,15.0,UG/M3,1 Hr,Valid
Lima,PM2.5 - Principal,2021-03-22 03:00 AM,2021,03,22,03,14.0,55,Moderate,13.0,UG/M3,1 Hr,Valid
Lima,PM2.5 - Principal,2021-03-22 04:00 AM,2021,03,22,04,15.5,58,Moderate,17.0,UG/M3,1 Hr,Valid
Lima,PM2.5 - Principal,2021-03-22 05:00 AM,2021,03,22,05,15.2,58,Moderate,15.0,UG/M3,1 Hr,Valid
Lima,PM2.5 - Principal,2021-03-22 06:00 AM,2021,03,22,06,14.1,55,Moderate,13.0,UG/M3,1 Hr,Valid
Lima,PM2.5 - Principal,2021-03-22 07:00 AM,2021,03,22,07,17.0,61,Moderate,20.0,UG/M3,1 Hr,Valid
Lima,PM2.5 - Principal,2021-03-22 08:00 AM,2021,03,22,08,16.0,59,Moderate,15.0,UG/M3,1 Hr,Valid
Lima,PM2.5 - Principal,2021-03-22 09:00 AM,2021,03,22,09,16.5,60,Moderate,17.0,UG/M3,1 Hr,Valid
Lima,PM2.5 - Principal,2021-03-22 10:00 AM,2021,03,22,10,17.2,62,Moderate,18.0,UG/M3,1 Hr,Valid
Lima,PM2.5 - Principal,2021-03-22 11:00 AM,2021,03,22,11,17.5,62,Moderate,18.0,UG/M3,1 Hr,Valid
Lima,PM2.5 - Principal,2021-03-22 12:00 PM,2021,03,22,12,21.8,71,Moderate,26.0,UG/M3,1 Hr,Valid
Lima,PM2.5 - Principal,2021-03-22 01:00 PM,2021,03,22,13,23.9,76,Moderate,26.0,UG/M3,1 Hr,Valid
Lima,PM2.5 - Principal,2021-03-22 02:00 PM,2021,03,22,14,23.9,76,Moderate,-999.0,UG/M3,1 Hr,Missing
Lima,PM2.5 - Principal,2021-03-23 01:00 AM,2021,03,23,01,-999.0,-999,N/A,17.0,UG/M3,1 Hr,Valid
Lima,PM2.5 - Principal,2021-03-23 02:00 AM,2021,03,23,02,16.4,60,Moderate,16.0,UG/M3,1 Hr,Valid
Lima,PM2.5 - Principal,2021-03-23 03:00 AM,2021,03,23,03,14.4,56,Moderate,12.0,UG/M3,1 Hr,Valid
Lima,PM2.5 - Principal,2021-03-23 04:00 AM,2021,03,23,04,13.4,54,Moderate,12.0,UG/M3,1 Hr,Valid
Lima,PM2.5 - Principal,2021-03-23 05:00 AM,2021,03,23,05,12.3,51,Moderate,11.0,UG/M3,1 Hr,Valid
Lima,PM2.5 - Principal,2021-03-23 06:00 AM,2021,03,23,06,12.2,51,Moderate,12.0,UG/M3,1 Hr,Valid
Lima,PM2.5 - Principal,2021-03-23 07:00 AM,2021,03,23,07,11.7,49,Good,11.0,UG/M3,1 Hr,Valid
Lima,PM2.5 - Principal,2021-03-23 08:00 AM,2021,03,23,08,11.4,48,Good,11.0,UG/M3,1 Hr,Valid
Lima,PM2.5 - Principal,2021-03-23 09:00 AM,2021,03,23,09,13.1,53,Moderate,16.0,UG/M3,1 Hr,Valid
Lima,PM2.5 - Principal,2021-03-23 10:00 AM,2021,03,23,10,17.8,63,Moderate,22.0,UG/M3,1 Hr,Valid
Lima,PM2.5 - Principal,2021-03-23 11:00 AM,2021,03,23,11,24.4,77,Moderate,31.0,UG/M3,1 Hr,Valid
Lima,PM2.5 - Principal,2021-03-23 12:00 PM,2021,03,23,12,26.2,81,Moderate,28.0,UG/M3,1 Hr,Valid
Lima,PM2.5 - Principal,2021-03-23 01:00 PM,2021,03,23,13,25.1,78,Moderate,24.0,UG/M3,1 Hr,Valid
Lima,PM2.5 - Principal,2021-03-23 02:00 PM,2021,03,23,14,19.5,67,Moderate,14.0,UG/M3,1 Hr,Valid
Lima,PM2.5 - Principal,2021-03-23 03:00 PM,2021,03,23,15,19.7,67,Moderate,20.0,UG/M3,1 Hr,Valid
Lima,PM2.5 - Principal,2021-03-23 04:00 PM,2021,03,23,16,23.8,76,Moderate,28.0,UG/M3,1 Hr,Valid
Lima,PM2.5 - Principal,2021-03-23 05:00 PM,2021,03,23,17,25.4,79,Moderate,27.0,UG/M3,1 Hr,Valid
Lima,PM2.5 - Principal,2021-03-23 06:00 PM,2021,03,23,18,22.7,73,Moderate,20.0,UG/M3,1 Hr,Valid
Lima,PM2.5 - Principal,2021-03-23 07:00 PM,2021,03,23,19,21.8,71,Moderate,21.0,UG/M3,1 Hr,Valid
Lima,PM2.5 - Principal,2021-03-23 08:00 PM,2021,03,23,20,22.4,73,Moderate,23.0,UG/M3,1 Hr,Valid
Lima,PM2.5 - Principal,2021-03-23 09:00 PM,2021,03,23,21,23.2,74,Moderate,24.0,UG/M3,1 Hr,Valid
Lima,PM2.5 - Principal,2021-03-23 10:00 PM,2021,03,23,22,21.1,70,Moderate,19.0,UG/M3,1 Hr,Valid
Lima,PM2.5 - Principal,2021-03-23 11:00 PM,2021,03,23,23,19.0,66,Moderate,17.0,UG/M3,1 Hr,Valid
Lima,PM2.5 - Principal,2021-03-24 12:00 AM,2021,03,24,00,15.0,57,Moderate,11.0,UG/M3,1 Hr,Valid
Lima,PM2.5 - Principal,2021-03-24 01:00 AM,2021,03,24,01,13.0,53,Moderate,11.0,UG/M3,1 Hr,Valid
Lima,PM2.5 - Principal,2021-03-24 02:00 AM,2021,03,24,02,12.5,52,Moderate,12.0,UG/M3,1 Hr,Valid
Lima,PM2.5 - Principal,2021-03-24 03:00 AM,2021,03,24,03,15.2,58,Moderate,18.0,UG/M3,1 Hr,Valid
Lima,PM2.5 - Principal,2021-03-24 04:00 AM,2021,03,24,04,13.1,53,Moderate,11.0,UG/M3,1 Hr,Valid
Lima,PM2.5 - Principal,2021-03-24 05:00 AM,2021,03,24,05,13.0,53,Moderate,13.0,UG/M3,1 Hr,Valid
Lima,PM2.5 - Principal,2021-03-24 06:00 AM,2021,03,24,06,14.0,55,Moderate,15.0,UG/M3,1 Hr,Valid
Lima,PM2.5 - Principal,2021-03-24 07:00 AM,2021,03,24,07,15.0,57,Moderate,16.0,UG/M3,1 Hr,Valid
Lima,PM2.5 - Principal,2021-03-24 08:00 AM,2021,03,24,08,16.0,59,Moderate,17.0,UG/M3,1 Hr,Valid
Lima,PM2.5 - Principal,2021-03-24 09:00 AM,2021,03,24,09,16.6,60,Moderate,18.0,UG/M3,1 Hr,Valid
Lima,PM2.5 - Principal,2021-03-24 10:00 AM,2021,03,24,10,19.5,67,Moderate,22.0,UG/M3,1 Hr,Valid
Lima,PM2.5 - Principal,2021-03-24 11:00 AM,2021,03,24,11,24.7,77,Moderate,30.0,UG/M3,1 Hr,Valid
Lima,PM2.5 - Principal,2021-03-24 12:00 PM,2021,03,24,12,29.3,87,Moderate,34.0,UG/M3,1 Hr,Valid
Lima,PM2.5 - Principal,2021-03-24 01:00 PM,2021,03,24,13,31.1,91,Moderate,33.0,UG/M3,1 Hr,Valid
Lima,PM2.5 - Principal,2021-03-24 02:00 PM,2021,03,24,14,24.0,76,Moderate,17.0,UG/M3,1 Hr,Valid
Lima,PM2.5 - Principal,2021-03-24 03:00 PM,2021,03,24,15,24.0,76,Moderate,24.0,UG/M3,1 Hr,Valid
Lima,PM2.5 - Principal,2021-03-24 04:00 PM,2021,03,24,16,24.0,76,Moderate,24.0,UG/M3,1 Hr,Valid
Lima,PM2.5 - Principal,2021-03-24 05:00 PM,2021,03,24,17,19.5,67,Moderate,15.0,UG/M3,1 Hr,Valid
Lima,PM2.5 - Principal,2021-03-24 06:00 PM,2021,03,24,18,24.2,76,Moderate,29.0,UG/M3,1 Hr,Valid
Lima,PM2.5 - Principal,2021-03-24 07:00 PM,2021,03,24,19,25.6,79,Moderate,27.0,UG/M3,1 Hr,Valid
Lima,PM2.5 - Principal,2021-03-24 08:00 PM,2021,03,24,20,25.3,79,Moderate,25.0,UG/M3,1 Hr,Valid
Lima,PM2.5 - Principal,2021-03-24 09:00 PM,2021,03,24,21,22.6,73,Moderate,20.0,UG/M3,1 Hr,Valid
Lima,PM2.5 - Principal,2021-03-24 10:00 PM,2021,03,24,22,22.3,72,Moderate,22.0,UG/M3,1 Hr,Valid
Lima,PM2.5 - Principal,2021-03-24 11:00 PM,2021,03,24,23,18.6,65,Moderate,15.0,UG/M3,1 Hr,Valid
Lima,PM2.5 - Principal,2021-03-25 12:00 AM,2021,03,25,00,16.8,61,Moderate,15.0,UG/M3,1 Hr,Valid
Lima,PM2.5 - Principal,2021-03-25 01:00 AM,2021,03,25,01,16.4,60,Moderate,16.0,UG/M3,1 Hr,Valid
Lima,PM2.5 - Principal,2021-03-25 02:00 AM,2021,03,25,02,16.7,61,Moderate,17.0,UG/M3,1 Hr,Valid
Lima,PM2.5 - Principal,2021-03-25 03:00 AM,2021,03,25,03,15.3,58,Moderate,14.0,UG/M3,1 Hr,Valid
Lima,PM2.5 - Principal,2021-03-25 04:00 AM,2021,03,25,04,12.1,51,Moderate,9.0,UG/M3,1 Hr,Valid
Lima,PM2.5 - Principal,2021-03-25 05:00 AM,2021,03,25,05,11.5,48,Good,11.0,UG/M3,1 Hr,Valid
Lima,PM2.5 - Principal,2021-03-25 06:00 AM,2021,03,25,06,10.7,45,Good,10.0,UG/M3,1 Hr,Valid
Lima,PM2.5 - Principal,2021-03-25 07:00 AM,2021,03,25,07,10.3,43,Good,10.0,UG/M3,1 Hr,Valid
Lima,PM2.5 - Principal,2021-03-25 08:00 AM,2021,03,25,08,12.6,52,Moderate,15.0,UG/M3,1 Hr,Valid
Lima,PM2.5 - Principal,2021-03-25 09:00 AM,2021,03,25,09,14.8,57,Moderate,17.0,UG/M3,1 Hr,Valid
Lima,PM2.5 - Principal,2021-03-25 10:00 AM,2021,03,25,10,19.4,66,Moderate,24.0,UG/M3,1 Hr,Valid
Lima,PM2.5 - Principal,2021-03-25 11:00 AM,2021,03,25,11,20.7,69,Moderate,22.0,UG/M3,1 Hr,Valid
Lima,PM2.5 - Principal,2021-03-25 12:00 PM,2021,03,25,12,27.3,83,Moderate,34.0,UG/M3,1 Hr,Valid
Lima,PM2.5 - Principal,2021-03-25 01:00 PM,2021,03,25,13,25.6,79,Moderate,24.0,UG/M3,1 Hr,Valid
Lima,PM2.5 - Principal,2021-03-25 02:00 PM,2021,03,25,14,21.8,71,Moderate,18.0,UG/M3,1 Hr,Valid
Lima,PM2.5 - Principal,2021-03-25 03:00 PM,2021,03,25,15,20.9,70,Moderate,20.0,UG/M3,1 Hr,Valid
Lima,PM2.5 - Principal,2021-03-25 04:00 PM,2021,03,25,16,24.4,77,Moderate,28.0,UG/M3,1 Hr,Valid
Lima,PM2.5 - Principal,2021-03-25 05:00 PM,2021,03,25,17,24.2,76,Moderate,24.0,UG/M3,1 Hr,Valid
Lima,PM2.5 - Principal,2021-03-25 06:00 PM,2021,03,25,18,25.1,78,Moderate,26.0,UG/M3,1 Hr,Valid
Lima,PM2.5 - Principal,2021-03-25 07:00 PM,2021,03,25,19,24.0,76,Moderate,23.0,UG/M3,1 Hr,Valid
Lima,PM2.5 - Principal,2021-03-25 08:00 PM,2021,03,25,20,22.5,73,Moderate,21.0,UG/M3,1 Hr,Valid
Lima,PM2.5 - Principal,2021-03-25 09:00 PM,2021,03,25,21,24.2,76,Moderate,26.0,UG/M3,1 Hr,Valid
Lima,PM2.5 - Principal,2021-03-25 10:00 PM,2021,03,25,22,23.1,74,Moderate,22.0,UG/M3,1 Hr,Valid
Lima,PM2.5 - Principal,2021-03-25 11:00 PM,2021,03,25,23,23.5,75,Moderate,24.0,UG/M3,1 Hr,Valid
Lima,PM2.5 - Principal,2021-03-26 12:00 AM,2021,03,26,00,22.2,72,Moderate,20.0,UG/M3,1 Hr,Valid
