Site,Parameter,Date..LT.,Year,Month,Day,Hour,NowCast.Conc.,AQI,AQI.Category,Raw.Conc.,Conc..Unit,Duration,QC.Name
Lima,PM2.5 - Principal,2021-03-01 01:00 AM,2021,3,1,1,4.3,18,Good,2,UG/M3,1 Hr,Valid
Lima,PM2.5 - Principal,2021-03-01 02:00 AM,2021,3,1,2,3.1,13,Good,2,UG/M3,1 Hr,Valid
Lima,PM2.5 - Principal,2021-03-01 03:00 AM,2021,3,1,3,4,17,Good,5,UG/M3,1 Hr,Valid
Lima,PM2.5 - Principal,2021-03-01 04:00 AM,2021,3,1,4,4,17,Good,4,UG/M3,1 Hr,Valid
Lima,PM2.5 - Principal,2021-03-01 05:00 AM,2021,3,1,5,3.5,15,Good,3,UG/M3,1 Hr,Valid
Lima,PM2.5 - Principal,2021-03-01 06:00 AM,2021,3,1,6,5.2,22,Good,7,UG/M3,1 Hr,Valid
Lima,PM2.5 - Principal,2021-03-01 07:00 AM,2021,3,1,7,5.6,23,Good,6,UG/M3,1 Hr,Valid
Lima,PM2.5 - Principal,2021-03-01 08:00 AM,2021,3,1,8,7.8,33,Good,10,UG/M3,1 Hr,Valid
Lima,PM2.5 - Principal,2021-03-01 09:00 AM,2021,3,1,9,9.9,41,Good,12,UG/M3,1 Hr,Valid
Lima,PM2.5 - Principal,2021-03-01 10:00 AM,2021,3,1,10,8.4,35,Good,7,UG/M3,1 Hr,Valid
Lima,PM2.5 - Principal,2021-03-01 11:00 AM,2021,3,1,11,6.7,28,Good,5,UG/M3,1 Hr,Valid
Lima,PM2.5 - Principal,2021-03-01 12:00 PM,2021,3,1,12,6.8,28,Good,7,UG/M3,1 Hr,Valid
Lima,PM2.5 - Principal,2021-03-01 01:00 PM,2021,3,1,13,5.9,25,Good,5,UG/M3,1 Hr,Valid
Lima,PM2.5 - Principal,2021-03-01 02:00 PM,2021,3,1,14,5.9,25,Good,6,UG/M3,1 Hr,Valid
Lima,PM2.5 - Principal,2021-03-01 03:00 PM,2021,3,1,15,6.9,29,Good,8,UG/M3,1 Hr,Valid
Lima,PM2.5 - Principal,2021-03-01 04:00 PM,2021,3,1,16,8.4,35,Good,10,UG/M3,1 Hr,Valid
Lima,PM2.5 - Principal,2021-03-01 05:00 PM,2021,3,1,17,7.7,32,Good,7,UG/M3,1 Hr,Valid
Lima,PM2.5 - Principal,2021-03-01 06:00 PM,2021,3,1,18,6.3,26,Good,5,UG/M3,1 Hr,Valid
Lima,PM2.5 - Principal,2021-03-01 07:00 PM,2021,3,1,19,6.1,25,Good,6,UG/M3,1 Hr,Valid
Lima,PM2.5 - Principal,2021-03-01 08:00 PM,2021,3,1,20,5.5,23,Good,5,UG/M3,1 Hr,Valid
Lima,PM2.5 - Principal,2021-03-01 09:00 PM,2021,3,1,21,4.2,18,Good,3,UG/M3,1 Hr,Valid
Lima,PM2.5 - Principal,2021-03-01 10:00 PM,2021,3,1,22,3.6,15,Good,3,UG/M3,1 Hr,Valid
Lima,PM2.5 - Principal,2021-03-01 11:00 PM,2021,3,1,23,9.3,39,Good,15,UG/M3,1 Hr,Valid
Lima,PM2.5 - Principal,2021-03-02 12:00 AM,2021,3,2,0,9.6,40,Good,10,UG/M3,1 Hr,Valid
Lima,PM2.5 - Principal,2021-03-02 01:00 AM,2021,3,2,1,9.8,41,Good,10,UG/M3,1 Hr,Valid
Lima,PM2.5 - Principal,2021-03-02 02:00 AM,2021,3,2,2,8.4,35,Good,7,UG/M3,1 Hr,Valid
Lima,PM2.5 - Principal,2021-03-02 03:00 AM,2021,3,2,3,5.7,24,Good,3,UG/M3,1 Hr,Valid
Lima,PM2.5 - Principal,2021-03-02 04:00 AM,2021,3,2,4,3.8,16,Good,2,UG/M3,1 Hr,Valid
Lima,PM2.5 - Principal,2021-03-02 05:00 AM,2021,3,2,5,3.4,14,Good,3,UG/M3,1 Hr,Valid
Lima,PM2.5 - Principal,2021-03-02 06:00 AM,2021,3,2,6,4.7,20,Good,6,UG/M3,1 Hr,Valid
Lima,PM2.5 - Principal,2021-03-02 07:00 AM,2021,3,2,7,4.8,20,Good,5,UG/M3,1 Hr,Valid
Lima,PM2.5 - Principal,2021-03-02 08:00 AM,2021,3,2,8,3.9,16,Good,3,UG/M3,1 Hr,Valid
Lima,PM2.5 - Principal,2021-03-02 09:00 AM,2021,3,2,9,4.9,20,Good,6,UG/M3,1 Hr,Valid
Lima,PM2.5 - Principal,2021-03-02 10:00 AM,2021,3,2,10,11.4,48,Good,18,UG/M3,1 Hr,Valid
Lima,PM2.5 - Principal,2021-03-02 11:00 AM,2021,3,2,11,11.2,47,Good,11,UG/M3,1 Hr,Valid
Lima,PM2.5 - Principal,2021-03-02 12:00 PM,2021,3,2,12,9.6,40,Good,8,UG/M3,1 Hr,Valid
Lima,PM2.5 - Principal,2021-03-02 01:00 PM,2021,3,2,13,8.8,37,Good,8,UG/M3,1 Hr,Valid
Lima,PM2.5 - Principal,2021-03-02 02:00 PM,2021,3,2,14,7.4,31,Good,6,UG/M3,1 Hr,Valid
Lima,PM2.5 - Principal,2021-03-02 03:00 PM,2021,3,2,15,5.2,22,Good,3,UG/M3,1 Hr,Valid
Lima,PM2.5 - Principal,2021-03-02 04:00 PM,2021,3,2,16,5.6,23,Good,6,UG/M3,1 Hr,Valid
Lima,PM2.5 - Principal,2021-03-02 05:00 PM,2021,3,2,17,7.3,30,Good,9,UG/M3,1 Hr,Valid
Lima,PM2.5 - Principal,2021-03-02 06:00 PM,2021,3,2,18,8.1,34,Good,9,UG/M3,1 Hr,Valid
Lima,PM2.5 - Principal,2021-03-02 07:00 PM,2021,3,2,19,9,38,Good,10,UG/M3,1 Hr,Valid
Lima,PM2.5 - Principal,2021-03-02 08:00 PM,2021,3,2,20,8.5,35,Good,8,UG/M3,1 Hr,Valid
Lima,PM2.5 - Principal,2021-03-02 09:00 PM,2021,3,2,21,7.7,32,Good,7,UG/M3,1 Hr,Valid
Lima,PM2.5 - Principal,2021-03-02 10:00 PM,2021,3,2,22,12.8,52,Moderate,18,UG/M3,1 Hr,Valid
Lima,PM2.5 - Principal,2021-03-02 11:00 PM,2021,3,2,23,17.4,62,Moderate,22,UG/M3,1 Hr,Valid
Lima,PM2.5 - Principal,2021-03-03 12:00 AM,2021,3,3,0,17.2,62,Moderate,17,UG/M3,1 Hr,Valid
Lima,PM2.5 - Principal,2021-03-03 01:00 AM,2021,3,3,1,13.1,53,Moderate,9,UG/M3,1 Hr,Valid
Lima,PM2.5 - Principal,2021-03-03 02:00 AM,2021,3,3,2,9.5,40,Good,6,UG/M3,1 Hr,Valid
Lima,PM2.5 - Principal,2021-03-03 03:00 AM,2021,3,3,3,7.7,32,Good,6,UG/M3,1 Hr,Valid
Lima,PM2.5 - Principal,2021-03-03 04:00 AM,2021,3,3,4,5.3,22,Good,3,UG/M3,1 Hr,Valid
Lima,PM2.5 - Principal,2021-03-03 05:00 AM,2021,3,3,5,2.6,11,Good,0,UG/M3,1 Hr,Valid
Lima,PM2.5 - Principal,2021-03-03 06:00 AM,2021,3,3,6,1.8,8,Good,1,UG/M3,1 Hr,Valid
Lima,PM2.5 - Principal,2021-03-03 07:00 AM,2021,3,3,7,0.9,4,Good,0,UG/M3,1 Hr,Valid
Lima,PM2.5 - Principal,2021-03-03 08:00 AM,2021,3,3,8,2.4,10,Good,4,UG/M3,1 Hr,Valid
Lima,PM2.5 - Principal,2021-03-03 09:00 AM,2021,3,3,9,5.2,22,Good,8,UG/M3,1 Hr,Valid
Lima,PM2.5 - Principal,2021-03-03 10:00 AM,2021,3,3,10,4.6,19,Good,4,UG/M3,1 Hr,Valid
Lima,PM2.5 - Principal,2021-03-03 11:00 AM,2021,3,3,11,6.8,28,Good,9,UG/M3,1 Hr,Valid
Lima,PM2.5 - Principal,2021-03-03 12:00 PM,2021,3,3,12,8.4,35,Good,10,UG/M3,1 Hr,Valid
Lima,PM2.5 - Principal,2021-03-03 01:00 PM,2021,3,3,13,7.2,30,Good,6,UG/M3,1 Hr,Valid
Lima,PM2.5 - Principal,2021-03-03 02:00 PM,2021,3,3,14,6.1,25,Good,5,UG/M3,1 Hr,Valid
Lima,PM2.5 - Principal,2021-03-03 03:00 PM,2021,3,3,15,3.5,15,Good,1,UG/M3,1 Hr,Valid
Lima,PM2.5 - Principal,2021-03-03 04:00 PM,2021,3,3,16,2.7,11,Good,2,UG/M3,1 Hr,Valid
Lima,PM2.5 - Principal,2021-03-03 05:00 PM,2021,3,3,17,4.8,20,Good,7,UG/M3,1 Hr,Valid
Lima,PM2.5 - Principal,2021-03-03 06:00 PM,2021,3,3,18,8.4,35,Good,12,UG/M3,1 Hr,Valid
Lima,PM2.5 - Principal,2021-03-03 07:00 PM,2021,3,3,19,10.2,43,Good,12,UG/M3,1 Hr,Valid
Lima,PM2.5 - Principal,2021-03-03 08:00 PM,2021,3,3,20,13.6,54,Moderate,17,UG/M3,1 Hr,Valid
Lima,PM2.5 - Principal,2021-03-03 09:00 PM,2021,3,3,21,17.8,63,Moderate,22,UG/M3,1 Hr,Valid
Lima,PM2.5 - Principal,2021-03-03 10:00 PM,2021,3,3,22,14.9,57,Moderate,12,UG/M3,1 Hr,Valid
Lima,PM2.5 - Principal,2021-03-03 11:00 PM,2021,3,3,23,13.4,54,Moderate,12,UG/M3,1 Hr,Valid
Lima,PM2.5 - Principal,2021-03-04 12:00 AM,2021,3,4,0,12.7,52,Moderate,12,UG/M3,1 Hr,Valid
Lima,PM2.5 - Principal,2021-03-04 01:00 AM,2021,3,4,1,12.8,52,Moderate,13,UG/M3,1 Hr,Valid
Lima,PM2.5 - Principal,2021-03-04 02:00 AM,2021,3,4,2,11.9,50,Good,11,UG/M3,1 Hr,Valid
Lima,PM2.5 - Principal,2021-03-04 03:00 AM,2021,3,4,3,10.9,45,Good,10,UG/M3,1 Hr,Valid
Lima,PM2.5 - Principal,2021-03-04 04:00 AM,2021,3,4,4,8.9,37,Good,7,UG/M3,1 Hr,Valid
Lima,PM2.5 - Principal,2021-03-04 05:00 AM,2021,3,4,5,6.4,27,Good,4,UG/M3,1 Hr,Valid
Lima,PM2.5 - Principal,2021-03-04 06:00 AM,2021,3,4,6,4.2,18,Good,2,UG/M3,1 Hr,Valid
Lima,PM2.5 - Principal,2021-03-04 07:00 AM,2021,3,4,7,3.1,13,Good,2,UG/M3,1 Hr,Valid
Lima,PM2.5 - Principal,2021-03-04 08:00 AM,2021,3,4,8,3.5,15,Good,4,UG/M3,1 Hr,Valid
Lima,PM2.5 - Principal,2021-03-04 09:00 AM,2021,3,4,9,4.2,18,Good,5,UG/M3,1 Hr,Valid
Lima,PM2.5 - Principal,2021-03-04 10:00 AM,2021,3,4,10,6.6,28,Good,9,UG/M3,1 Hr,Valid
Lima,PM2.5 - Principal,2021-03-04 11:00 AM,2021,3,4,11,11.8,49,Good,17,UG/M3,1 Hr,Valid
Lima,PM2.5 - Principal,2021-03-04 12:00 PM,2021,3,4,12,12.4,52,Moderate,13,UG/M3,1 Hr,Valid
Lima,PM2.5 - Principal,2021-03-04 01:00 PM,2021,3,4,13,9.7,40,Good,7,UG/M3,1 Hr,Valid
Lima,PM2.5 - Principal,2021-03-04 02:00 PM,2021,3,4,14,6.3,26,Good,3,UG/M3,1 Hr,Valid
Lima,PM2.5 - Principal,2021-03-04 03:00 PM,2021,3,4,15,4.1,17,Good,2,UG/M3,1 Hr,Valid
Lima,PM2.5 - Principal,2021-03-04 04:00 PM,2021,3,4,16,2,8,Good,0,UG/M3,1 Hr,Valid
Lima,PM2.5 - Principal,2021-03-04 05:00 PM,2021,3,4,17,7,29,Good,12,UG/M3,1 Hr,Valid
Lima,PM2.5 - Principal,2021-03-04 06:00 PM,2021,3,4,18,9,38,Good,11,UG/M3,1 Hr,Valid
Lima,PM2.5 - Principal,2021-03-04 07:00 PM,2021,3,4,19,9,38,Good,9,UG/M3,1 Hr,Valid
Lima,PM2.5 - Principal,2021-03-04 08:00 PM,2021,3,4,20,10,42,Good,11,UG/M3,1 Hr,Valid
Lima,PM2.5 - Principal,2021-03-04 09:00 PM,2021,3,4,21,13.5,54,Moderate,17,UG/M3,1 Hr,Valid
Lima,PM2.5 - Principal,2021-03-04 10:00 PM,2021,3,4,22,15.7,59,Moderate,18,UG/M3,1 Hr,Valid
Lima,PM2.5 - Principal,2021-03-04 11:00 PM,2021,3,4,23,17.8,63,Moderate,20,UG/M3,1 Hr,Valid
Lima,PM2.5 - Principal,2021-03-05 12:00 AM,2021,3,5,0,16.9,61,Moderate,16,UG/M3,1 Hr,Valid
Lima,PM2.5 - Principal,2021-03-05 01:00 AM,2021,3,5,1,15.4,58,Moderate,14,UG/M3,1 Hr,Valid
Lima,PM2.5 - Principal,2021-03-05 02:00 AM,2021,3,5,2,14.7,56,Moderate,14,UG/M3,1 Hr,Valid
Lima,PM2.5 - Principal,2021-03-05 03:00 AM,2021,3,5,3,12.8,52,Moderate,11,UG/M3,1 Hr,Valid
Lima,PM2.5 - Principal,2021-03-05 04:00 AM,2021,3,5,4,9.9,41,Good,7,UG/M3,1 Hr,Valid
Lima,PM2.5 - Principal,2021-03-05 05:00 AM,2021,3,5,5,8.9,37,Good,8,UG/M3,1 Hr,Valid
Lima,PM2.5 - Principal,2021-03-05 06:00 AM,2021,3,5,6,8.9,37,Good,9,UG/M3,1 Hr,Valid
Lima,PM2.5 - Principal,2021-03-05 07:00 AM,2021,3,5,7,9.9,41,Good,11,UG/M3,1 Hr,Valid
Lima,PM2.5 - Principal,2021-03-05 08:00 AM,2021,3,5,8,10.4,43,Good,11,UG/M3,1 Hr,Valid
Lima,PM2.5 - Principal,2021-03-05 09:00 AM,2021,3,5,9,14.2,55,Moderate,18,UG/M3,1 Hr,Valid
Lima,PM2.5 - Principal,2021-03-05 10:00 AM,2021,3,5,10,18.1,64,Moderate,22,UG/M3,1 Hr,Valid
Lima,PM2.5 - Principal,2021-03-05 11:00 AM,2021,3,5,11,16,59,Moderate,14,UG/M3,1 Hr,Valid
Lima,PM2.5 - Principal,2021-03-05 12:00 PM,2021,3,5,12,13,53,Moderate,10,UG/M3,1 Hr,Valid
Lima,PM2.5 - Principal,2021-03-05 01:00 PM,2021,3,5,13,10,42,Good,7,UG/M3,1 Hr,Valid
Lima,PM2.5 - Principal,2021-03-08 10:00 AM,2021,3,8,10,-999,-999,N/A,10,UG/M3,1 Hr,Valid
Lima,PM2.5 - Principal,2021-03-08 11:00 AM,2021,3,8,11,13,53,Moderate,15,UG/M3,1 Hr,Valid
Lima,PM2.5 - Principal,2021-03-08 12:00 PM,2021,3,8,12,18.2,64,Moderate,22,UG/M3,1 Hr,Valid
Lima,PM2.5 - Principal,2021-03-08 01:00 PM,2021,3,8,13,14.9,57,Moderate,12,UG/M3,1 Hr,Valid
Lima,PM2.5 - Principal,2021-03-08 02:00 PM,2021,3,8,14,12.9,53,Moderate,11,UG/M3,1 Hr,Valid
Lima,PM2.5 - Principal,2021-03-08 03:00 PM,2021,3,8,15,11.9,50,Good,11,UG/M3,1 Hr,Valid
Lima,PM2.5 - Principal,2021-03-08 04:00 PM,2021,3,8,16,11.9,50,Good,12,UG/M3,1 Hr,Valid
Lima,PM2.5 - Principal,2021-03-08 05:00 PM,2021,3,8,17,11.4,48,Good,11,UG/M3,1 Hr,Valid
Lima,PM2.5 - Principal,2021-03-08 06:00 PM,2021,3,8,18,10.7,45,Good,10,UG/M3,1 Hr,Valid
Lima,PM2.5 - Principal,2021-03-08 07:00 PM,2021,3,8,19,11.3,47,Good,12,UG/M3,1 Hr,Valid
Lima,PM2.5 - Principal,2021-03-08 08:00 PM,2021,3,8,20,11.6,48,Good,12,UG/M3,1 Hr,Valid
Lima,PM2.5 - Principal,2021-03-08 09:00 PM,2021,3,8,21,10.8,45,Good,10,UG/M3,1 Hr,Valid
Lima,PM2.5 - Principal,2021-03-08 10:00 PM,2021,3,8,22,11.4,48,Good,12,UG/M3,1 Hr,Valid
Lima,PM2.5 - Principal,2021-03-08 11:00 PM,2021,3,8,23,10.2,43,Good,9,UG/M3,1 Hr,Valid
Lima,PM2.5 - Principal,2021-03-09 12:00 AM,2021,3,9,0,7.6,32,Good,5,UG/M3,1 Hr,Valid
Lima,PM2.5 - Principal,2021-03-09 01:00 AM,2021,3,9,1,5.3,22,Good,3,UG/M3,1 Hr,Valid
Lima,PM2.5 - Principal,2021-03-09 02:00 AM,2021,3,9,2,4.1,17,Good,3,UG/M3,1 Hr,Valid
Lima,PM2.5 - Principal,2021-03-09 03:00 AM,2021,3,9,3,4.5,19,Good,5,UG/M3,1 Hr,Valid
Lima,PM2.5 - Principal,2021-03-09 04:00 AM,2021,3,9,4,7.7,32,Good,11,UG/M3,1 Hr,Valid
Lima,PM2.5 - Principal,2021-03-09 05:00 AM,2021,3,9,5,7.8,33,Good,8,UG/M3,1 Hr,Valid
Lima,PM2.5 - Principal,2021-03-09 06:00 AM,2021,3,9,6,7.9,33,Good,8,UG/M3,1 Hr,Valid
Lima,PM2.5 - Principal,2021-03-09 07:00 AM,2021,3,9,7,7.9,33,Good,8,UG/M3,1 Hr,Valid
Lima,PM2.5 - Principal,2021-03-09 08:00 AM,2021,3,9,8,6.4,27,Good,5,UG/M3,1 Hr,Valid
Lima,PM2.5 - Principal,2021-03-09 09:00 AM,2021,3,9,9,7.7,32,Good,9,UG/M3,1 Hr,Valid
Lima,PM2.5 - Principal,2021-03-09 10:00 AM,2021,3,9,10,7.8,33,Good,8,UG/M3,1 Hr,Valid
Lima,PM2.5 - Principal,2021-03-09 11:00 AM,2021,3,9,11,13.4,54,Moderate,19,UG/M3,1 Hr,Valid
Lima,PM2.5 - Principal,2021-03-09 12:00 PM,2021,3,9,12,9.7,40,Good,6,UG/M3,1 Hr,Valid
Lima,PM2.5 - Principal,2021-03-09 01:00 PM,2021,3,9,13,8.8,37,Good,8,UG/M3,1 Hr,Valid
Lima,PM2.5 - Principal,2021-03-09 02:00 PM,2021,3,9,14,7.9,33,Good,7,UG/M3,1 Hr,Valid
Lima,PM2.5 - Principal,2021-03-09 03:00 PM,2021,3,9,15,8.9,37,Good,10,UG/M3,1 Hr,Valid
Lima,PM2.5 - Principal,2021-03-09 04:00 PM,2021,3,9,16,10.4,43,Good,12,UG/M3,1 Hr,Valid
Lima,PM2.5 - Principal,2021-03-09 05:00 PM,2021,3,9,17,9.2,38,Good,8,UG/M3,1 Hr,Valid
Lima,PM2.5 - Principal,2021-03-09 06:00 PM,2021,3,9,18,10.6,44,Good,12,UG/M3,1 Hr,Valid
Lima,PM2.5 - Principal,2021-03-09 07:00 PM,2021,3,9,19,10.8,45,Good,11,UG/M3,1 Hr,Valid
Lima,PM2.5 - Principal,2021-03-09 08:00 PM,2021,3,9,20,11.4,48,Good,12,UG/M3,1 Hr,Valid
Lima,PM2.5 - Principal,2021-03-09 09:00 PM,2021,3,9,21,9.2,38,Good,7,UG/M3,1 Hr,Valid
Lima,PM2.5 - Principal,2021-03-09 10:00 PM,2021,3,9,22,8.1,34,Good,7,UG/M3,1 Hr,Valid
Lima,PM2.5 - Principal,2021-03-09 11:00 PM,2021,3,9,23,8,33,Good,8,UG/M3,1 Hr,Valid
Lima,PM2.5 - Principal,2021-03-10 12:00 AM,2021,3,10,0,8.5,35,Good,9,UG/M3,1 Hr,Valid
Lima,PM2.5 - Principal,2021-03-10 01:00 AM,2021,3,10,1,8.3,35,Good,8,UG/M3,1 Hr,Valid
Lima,PM2.5 - Principal,2021-03-10 02:00 AM,2021,3,10,2,7.1,30,Good,6,UG/M3,1 Hr,Valid
Lima,PM2.5 - Principal,2021-03-10 03:00 AM,2021,3,10,3,4.5,19,Good,2,UG/M3,1 Hr,Valid
Lima,PM2.5 - Principal,2021-03-10 04:00 AM,2021,3,10,4,4.7,20,Good,5,UG/M3,1 Hr,Valid
Lima,PM2.5 - Principal,2021-03-10 05:00 AM,2021,3,10,5,6.3,26,Good,8,UG/M3,1 Hr,Valid
Lima,PM2.5 - Principal,2021-03-10 06:00 AM,2021,3,10,6,9.6,40,Good,13,UG/M3,1 Hr,Valid
Lima,PM2.5 - Principal,2021-03-10 07:00 AM,2021,3,10,7,10.8,45,Good,12,UG/M3,1 Hr,Valid
Lima,PM2.5 - Principal,2021-03-10 08:00 AM,2021,3,10,8,14.9,57,Moderate,19,UG/M3,1 Hr,Valid
Lima,PM2.5 - Principal,2021-03-10 09:00 AM,2021,3,10,9,18.9,65,Moderate,23,UG/M3,1 Hr,Valid
Lima,PM2.5 - Principal,2021-03-10 10:00 AM,2021,3,10,10,24.9,78,Moderate,31,UG/M3,1 Hr,Valid
Lima,PM2.5 - Principal,2021-03-10 11:00 AM,2021,3,10,11,19.9,67,Moderate,15,UG/M3,1 Hr,Valid
Lima,PM2.5 - Principal,2021-03-10 12:00 PM,2021,3,10,12,16.4,60,Moderate,13,UG/M3,1 Hr,Valid
Lima,PM2.5 - Principal,2021-03-10 01:00 PM,2021,3,10,13,14.2,55,Moderate,12,UG/M3,1 Hr,Valid
Lima,PM2.5 - Principal,2021-03-10 02:00 PM,2021,3,10,14,12.6,52,Moderate,11,UG/M3,1 Hr,Valid
Lima,PM2.5 - Principal,2021-03-10 03:00 PM,2021,3,10,15,11.8,49,Good,11,UG/M3,1 Hr,Valid
Lima,PM2.5 - Principal,2021-03-10 04:00 PM,2021,3,10,16,10.4,43,Good,9,UG/M3,1 Hr,Valid
Lima,PM2.5 - Principal,2021-03-10 05:00 PM,2021,3,10,17,10.2,43,Good,10,UG/M3,1 Hr,Valid
Lima,PM2.5 - Principal,2021-03-10 06:00 PM,2021,3,10,18,11.1,46,Good,12,UG/M3,1 Hr,Valid
Lima,PM2.5 - Principal,2021-03-10 07:00 PM,2021,3,10,19,12,50,Good,13,UG/M3,1 Hr,Valid
Lima,PM2.5 - Principal,2021-03-10 08:00 PM,2021,3,10,20,13,53,Moderate,14,UG/M3,1 Hr,Valid
Lima,PM2.5 - Principal,2021-03-10 09:00 PM,2021,3,10,21,17,61,Moderate,21,UG/M3,1 Hr,Valid
Lima,PM2.5 - Principal,2021-03-10 10:00 PM,2021,3,10,22,21,70,Moderate,25,UG/M3,1 Hr,Valid
Lima,PM2.5 - Principal,2021-03-10 11:00 PM,2021,3,10,23,20,68,Moderate,19,UG/M3,1 Hr,Valid
Lima,PM2.5 - Principal,2021-03-11 12:00 AM,2021,3,11,0,18.5,64,Moderate,17,UG/M3,1 Hr,Valid
Lima,PM2.5 - Principal,2021-03-11 01:00 AM,2021,3,11,1,17.2,62,Moderate,16,UG/M3,1 Hr,Valid
Lima,PM2.5 - Principal,2021-03-11 02:00 AM,2021,3,11,2,15.1,57,Moderate,13,UG/M3,1 Hr,Valid
Lima,PM2.5 - Principal,2021-03-11 03:00 AM,2021,3,11,3,13,53,Moderate,11,UG/M3,1 Hr,Valid
Lima,PM2.5 - Principal,2021-03-11 04:00 AM,2021,3,11,4,13.5,54,Moderate,14,UG/M3,1 Hr,Valid
Lima,PM2.5 - Principal,2021-03-11 05:00 AM,2021,3,11,5,13.7,54,Moderate,14,UG/M3,1 Hr,Valid
Lima,PM2.5 - Principal,2021-03-11 06:00 AM,2021,3,11,6,11.8,49,Good,10,UG/M3,1 Hr,Valid
Lima,PM2.5 - Principal,2021-03-11 07:00 AM,2021,3,11,7,11.9,50,Good,12,UG/M3,1 Hr,Valid
Lima,PM2.5 - Principal,2021-03-11 08:00 AM,2021,3,11,8,11.9,50,Good,12,UG/M3,1 Hr,Valid
Lima,PM2.5 - Principal,2021-03-11 09:00 AM,2021,3,11,9,11.4,48,Good,11,UG/M3,1 Hr,Valid
Lima,PM2.5 - Principal,2021-03-11 10:00 AM,2021,3,11,10,15,57,Moderate,19,UG/M3,1 Hr,Valid
Lima,PM2.5 - Principal,2021-03-11 11:00 AM,2021,3,11,11,11.6,48,Good,8,UG/M3,1 Hr,Valid
Lima,PM2.5 - Principal,2021-03-11 12:00 PM,2021,3,11,12,13.3,54,Moderate,15,UG/M3,1 Hr,Valid
Lima,PM2.5 - Principal,2021-03-11 01:00 PM,2021,3,11,13,14.6,56,Moderate,16,UG/M3,1 Hr,Valid
Lima,PM2.5 - Principal,2021-03-11 02:00 PM,2021,3,11,14,12.3,51,Moderate,10,UG/M3,1 Hr,Valid
Lima,PM2.5 - Principal,2021-03-11 03:00 PM,2021,3,11,15,13.1,53,Moderate,14,UG/M3,1 Hr,Valid
Lima,PM2.5 - Principal,2021-03-11 04:00 PM,2021,3,11,16,13,53,Moderate,13,UG/M3,1 Hr,Valid
Lima,PM2.5 - Principal,2021-03-11 05:00 PM,2021,3,11,17,13,53,Moderate,13,UG/M3,1 Hr,Valid
Lima,PM2.5 - Principal,2021-03-11 06:00 PM,2021,3,11,18,17,61,Moderate,21,UG/M3,1 Hr,Valid
Lima,PM2.5 - Principal,2021-03-11 07:00 PM,2021,3,11,19,15,57,Moderate,13,UG/M3,1 Hr,Valid
Lima,PM2.5 - Principal,2021-03-11 08:00 PM,2021,3,11,20,11.5,48,Good,8,UG/M3,1 Hr,Valid
Lima,PM2.5 - Principal,2021-03-11 09:00 PM,2021,3,11,21,11.7,49,Good,12,UG/M3,1 Hr,Valid
Lima,PM2.5 - Principal,2021-03-11 10:00 PM,2021,3,11,22,10.8,45,Good,10,UG/M3,1 Hr,Valid
Lima,PM2.5 - Principal,2021-03-11 11:00 PM,2021,3,11,23,10.9,45,Good,11,UG/M3,1 Hr,Valid
Lima,PM2.5 - Principal,2021-03-12 12:00 AM,2021,3,12,0,10.4,43,Good,10,UG/M3,1 Hr,Valid
Lima,PM2.5 - Principal,2021-03-12 01:00 AM,2021,3,12,1,8.7,36,Good,7,UG/M3,1 Hr,Valid
Lima,PM2.5 - Principal,2021-03-12 02:00 AM,2021,3,12,2,9.8,41,Good,11,UG/M3,1 Hr,Valid
Lima,PM2.5 - Principal,2021-03-12 03:00 AM,2021,3,12,3,8.9,37,Good,8,UG/M3,1 Hr,Valid
Lima,PM2.5 - Principal,2021-03-12 04:00 AM,2021,3,12,4,9.4,39,Good,10,UG/M3,1 Hr,Valid
Lima,PM2.5 - Principal,2021-03-12 05:00 AM,2021,3,12,5,10.2,43,Good,11,UG/M3,1 Hr,Valid
Lima,PM2.5 - Principal,2021-03-12 06:00 AM,2021,3,12,6,9.1,38,Good,8,UG/M3,1 Hr,Valid
Lima,PM2.5 - Principal,2021-03-12 07:00 AM,2021,3,12,7,10.9,45,Good,13,UG/M3,1 Hr,Valid
Lima,PM2.5 - Principal,2021-03-12 08:00 AM,2021,3,12,8,11.8,49,Good,13,UG/M3,1 Hr,Valid
Lima,PM2.5 - Principal,2021-03-12 09:00 AM,2021,3,12,9,11.9,50,Good,12,UG/M3,1 Hr,Valid
Lima,PM2.5 - Principal,2021-03-12 10:00 AM,2021,3,12,10,16,59,Moderate,20,UG/M3,1 Hr,Valid
Lima,PM2.5 - Principal,2021-03-12 11:00 AM,2021,3,12,11,18,63,Moderate,20,UG/M3,1 Hr,Valid
Lima,PM2.5 - Principal,2021-03-12 12:00 PM,2021,3,12,12,18,63,Moderate,18,UG/M3,1 Hr,Valid
Lima,PM2.5 - Principal,2021-03-12 01:00 PM,2021,3,12,13,18,63,Moderate,18,UG/M3,1 Hr,Valid
Lima,PM2.5 - Principal,2021-03-12 02:00 PM,2021,3,12,14,17,61,Moderate,16,UG/M3,1 Hr,Valid
Lima,PM2.5 - Principal,2021-03-12 03:00 PM,2021,3,12,15,17,61,Moderate,17,UG/M3,1 Hr,Valid
Lima,PM2.5 - Principal,2021-03-12 04:00 PM,2021,3,12,16,18,63,Moderate,19,UG/M3,1 Hr,Valid
Lima,PM2.5 - Principal,2021-03-12 05:00 PM,2021,3,12,17,16.5,60,Moderate,15,UG/M3,1 Hr,Valid
Lima,PM2.5 - Principal,2021-03-12 06:00 PM,2021,3,12,18,14.8,57,Moderate,12,UG/M3,1 Hr,Valid
Lima,PM2.5 - Principal,2021-03-12 07:00 PM,2021,3,12,19,14.4,56,Moderate,14,UG/M3,1 Hr,Valid
Lima,PM2.5 - Principal,2021-03-12 08:00 PM,2021,3,12,20,15.4,58,Moderate,17,UG/M3,1 Hr,Valid
Lima,PM2.5 - Principal,2021-03-12 09:00 PM,2021,3,12,21,13.4,54,Moderate,11,UG/M3,1 Hr,Valid
Lima,PM2.5 - Principal,2021-03-12 10:00 PM,2021,3,12,22,15.5,58,Moderate,18,UG/M3,1 Hr,Valid
Lima,PM2.5 - Principal,2021-03-12 11:00 PM,2021,3,12,23,15.6,58,Moderate,16,UG/M3,1 Hr,Valid
Lima,PM2.5 - Principal,2021-03-13 12:00 AM,2021,3,13,0,14.5,56,Moderate,13,UG/M3,1 Hr,Valid
Lima,PM2.5 - Principal,2021-03-13 01:00 AM,2021,3,13,1,11.7,49,Good,9,UG/M3,1 Hr,Valid
Lima,PM2.5 - Principal,2021-03-13 02:00 AM,2021,3,13,2,10.3,43,Good,9,UG/M3,1 Hr,Valid
Lima,PM2.5 - Principal,2021-03-13 03:00 AM,2021,3,13,3,10.6,44,Good,11,UG/M3,1 Hr,Valid
Lima,PM2.5 - Principal,2021-03-13 04:00 AM,2021,3,13,4,14.3,56,Moderate,18,UG/M3,1 Hr,Valid
Lima,PM2.5 - Principal,2021-03-13 05:00 AM,2021,3,13,5,12.6,52,Moderate,11,UG/M3,1 Hr,Valid
Lima,PM2.5 - Principal,2021-03-13 06:00 AM,2021,3,13,6,11.8,49,Good,11,UG/M3,1 Hr,Valid
Lima,PM2.5 - Principal,2021-03-13 07:00 AM,2021,3,13,7,15.4,58,Moderate,19,UG/M3,1 Hr,Valid
Lima,PM2.5 - Principal,2021-03-13 08:00 AM,2021,3,13,8,14.7,56,Moderate,14,UG/M3,1 Hr,Valid
Lima,PM2.5 - Principal,2021-03-13 09:00 AM,2021,3,13,9,13.8,55,Moderate,13,UG/M3,1 Hr,Valid
Lima,PM2.5 - Principal,2021-03-13 10:00 AM,2021,3,13,10,14.9,57,Moderate,16,UG/M3,1 Hr,Valid
Lima,PM2.5 - Principal,2021-03-13 11:00 AM,2021,3,13,11,17.9,63,Moderate,21,UG/M3,1 Hr,Valid
Lima,PM2.5 - Principal,2021-03-13 12:00 PM,2021,3,13,12,16.9,61,Moderate,16,UG/M3,1 Hr,Valid
Lima,PM2.5 - Principal,2021-03-13 01:00 PM,2021,3,13,13,11.9,50,Good,7,UG/M3,1 Hr,Valid
Lima,PM2.5 - Principal,2021-03-13 02:00 PM,2021,3,13,14,12.4,52,Moderate,13,UG/M3,1 Hr,Valid
Lima,PM2.5 - Principal,2021-03-13 03:00 PM,2021,3,13,15,10.7,45,Good,9,UG/M3,1 Hr,Valid
Lima,PM2.5 - Principal,2021-03-13 04:00 PM,2021,3,13,16,9.8,41,Good,9,UG/M3,1 Hr,Valid
Lima,PM2.5 - Principal,2021-03-13 05:00 PM,2021,3,13,17,8.9,37,Good,8,UG/M3,1 Hr,Valid
Lima,PM2.5 - Principal,2021-03-13 06:00 PM,2021,3,13,18,6.9,29,Good,5,UG/M3,1 Hr,Valid
Lima,PM2.5 - Principal,2021-03-13 07:00 PM,2021,3,13,19,6.4,27,Good,6,UG/M3,1 Hr,Valid
Lima,PM2.5 - Principal,2021-03-13 08:00 PM,2021,3,13,20,7.2,30,Good,8,UG/M3,1 Hr,Valid
Lima,PM2.5 - Principal,2021-03-13 09:00 PM,2021,3,13,21,8.6,36,Good,10,UG/M3,1 Hr,Valid
Lima,PM2.5 - Principal,2021-03-13 10:00 PM,2021,3,13,22,9.3,39,Good,10,UG/M3,1 Hr,Valid
Lima,PM2.5 - Principal,2021-03-13 11:00 PM,2021,3,13,23,10.1,42,Good,11,UG/M3,1 Hr,Valid
Lima,PM2.5 - Principal,2021-03-14 12:00 AM,2021,3,14,0,10,42,Good,10,UG/M3,1 Hr,Valid
Lima,PM2.5 - Principal,2021-03-14 01:00 AM,2021,3,14,1,9,38,Good,8,UG/M3,1 Hr,Valid
Lima,PM2.5 - Principal,2021-03-14 02:00 AM,2021,3,14,2,10.5,44,Good,12,UG/M3,1 Hr,Valid
Lima,PM2.5 - Principal,2021-03-14 03:00 AM,2021,3,14,3,12.2,51,Moderate,14,UG/M3,1 Hr,Valid
Lima,PM2.5 - Principal,2021-03-14 04:00 AM,2021,3,14,4,12.1,51,Moderate,12,UG/M3,1 Hr,Valid
Lima,PM2.5 - Principal,2021-03-14 05:00 AM,2021,3,14,5,12,50,Good,12,UG/M3,1 Hr,Valid
Lima,PM2.5 - Principal,2021-03-14 06:00 AM,2021,3,14,6,12.5,52,Moderate,13,UG/M3,1 Hr,Valid
Lima,PM2.5 - Principal,2021-03-14 07:00 AM,2021,3,14,7,13.6,54,Moderate,15,UG/M3,1 Hr,Valid
Lima,PM2.5 - Principal,2021-03-14 08:00 AM,2021,3,14,8,11.4,48,Good,9,UG/M3,1 Hr,Valid
Lima,PM2.5 - Principal,2021-03-14 09:00 AM,2021,3,14,9,10.7,45,Good,10,UG/M3,1 Hr,Valid
Lima,PM2.5 - Principal,2021-03-14 10:00 AM,2021,3,14,10,9.9,41,Good,9,UG/M3,1 Hr,Valid
Lima,PM2.5 - Principal,2021-03-14 11:00 AM,2021,3,14,11,11.3,47,Good,13,UG/M3,1 Hr,Valid
Lima,PM2.5 - Principal,2021-03-14 12:00 PM,2021,3,14,12,14.7,56,Moderate,18,UG/M3,1 Hr,Valid
Lima,PM2.5 - Principal,2021-03-14 01:00 PM,2021,3,14,13,13.8,55,Moderate,13,UG/M3,1 Hr,Valid
Lima,PM2.5 - Principal,2021-03-14 02:00 PM,2021,3,14,14,10.9,45,Good,8,UG/M3,1 Hr,Valid
Lima,PM2.5 - Principal,2021-03-14 03:00 PM,2021,3,14,15,9.9,41,Good,9,UG/M3,1 Hr,Valid
Lima,PM2.5 - Principal,2021-03-14 04:00 PM,2021,3,14,16,9.4,39,Good,9,UG/M3,1 Hr,Valid
Lima,PM2.5 - Principal,2021-03-14 05:00 PM,2021,3,14,17,8.7,36,Good,8,UG/M3,1 Hr,Valid
Lima,PM2.5 - Principal,2021-03-14 06:00 PM,2021,3,14,18,7.8,33,Good,7,UG/M3,1 Hr,Valid
Lima,PM2.5 - Principal,2021-03-14 07:00 PM,2021,3,14,19,11.4,48,Good,15,UG/M3,1 Hr,Valid
Lima,PM2.5 - Principal,2021-03-14 08:00 PM,2021,3,14,20,14.7,56,Moderate,18,UG/M3,1 Hr,Valid
Lima,PM2.5 - Principal,2021-03-14 09:00 PM,2021,3,14,21,17.8,63,Moderate,21,UG/M3,1 Hr,Valid
Lima,PM2.5 - Principal,2021-03-14 10:00 PM,2021,3,14,22,17.4,62,Moderate,17,UG/M3,1 Hr,Valid
Lima,PM2.5 - Principal,2021-03-14 11:00 PM,2021,3,14,23,17.2,62,Moderate,17,UG/M3,1 Hr,Valid
Lima,PM2.5 - Principal,2021-03-15 12:00 AM,2021,3,15,0,17.1,62,Moderate,17,UG/M3,1 Hr,Valid
Lima,PM2.5 - Principal,2021-03-15 01:00 AM,2021,3,15,1,10.5,44,Good,4,UG/M3,1 Hr,Valid
Lima,PM2.5 - Principal,2021-03-15 01:00 PM,2021,3,15,13,-999,-999,N/A,16,UG/M3,1 Hr,Valid
Lima,PM2.5 - Principal,2021-03-15 02:00 PM,2021,3,15,14,14.3,56,Moderate,13,UG/M3,1 Hr,Valid
Lima,PM2.5 - Principal,2021-03-15 03:00 PM,2021,3,15,15,14.2,55,Moderate,14,UG/M3,1 Hr,Valid
Lima,PM2.5 - Principal,2021-03-15 04:00 PM,2021,3,15,16,18.3,64,Moderate,23,UG/M3,1 Hr,Valid
Lima,PM2.5 - Principal,2021-03-15 05:00 PM,2021,3,15,17,18.6,65,Moderate,19,UG/M3,1 Hr,Valid
Lima,PM2.5 - Principal,2021-03-15 06:00 PM,2021,3,15,18,19.7,67,Moderate,21,UG/M3,1 Hr,Valid
Lima,PM2.5 - Principal,2021-03-15 07:00 PM,2021,3,15,19,16,59,Moderate,12,UG/M3,1 Hr,Valid
Lima,PM2.5 - Principal,2021-03-15 08:00 PM,2021,3,15,20,16,59,Moderate,16,UG/M3,1 Hr,Valid
Lima,PM2.5 - Principal,2021-03-15 09:00 PM,2021,3,15,21,16.4,60,Moderate,17,UG/M3,1 Hr,Valid
Lima,PM2.5 - Principal,2021-03-15 10:00 PM,2021,3,15,22,18.1,64,Moderate,20,UG/M3,1 Hr,Valid
Lima,PM2.5 - Principal,2021-03-15 11:00 PM,2021,3,15,23,18.5,64,Moderate,19,UG/M3,1 Hr,Valid
Lima,PM2.5 - Principal,2021-03-16 12:00 AM,2021,3,16,0,19.2,66,Moderate,20,UG/M3,1 Hr,Valid
Lima,PM2.5 - Principal,2021-03-16 01:00 AM,2021,3,16,1,18.6,65,Moderate,18,UG/M3,1 Hr,Valid
Lima,PM2.5 - Principal,2021-03-16 02:00 AM,2021,3,16,2,19.2,66,Moderate,20,UG/M3,1 Hr,Valid
Lima,PM2.5 - Principal,2021-03-16 03:00 AM,2021,3,16,3,16.2,60,Moderate,13,UG/M3,1 Hr,Valid
Lima,PM2.5 - Principal,2021-03-16 04:00 AM,2021,3,16,4,13,53,Moderate,10,UG/M3,1 Hr,Valid
Lima,PM2.5 - Principal,2021-03-16 05:00 AM,2021,3,16,5,11,46,Good,9,UG/M3,1 Hr,Valid
Lima,PM2.5 - Principal,2021-03-16 06:00 AM,2021,3,16,6,10,42,Good,9,UG/M3,1 Hr,Valid
Lima,PM2.5 - Principal,2021-03-16 07:00 AM,2021,3,16,7,10.5,44,Good,11,UG/M3,1 Hr,Valid
Lima,PM2.5 - Principal,2021-03-16 08:00 AM,2021,3,16,8,11.7,49,Good,13,UG/M3,1 Hr,Valid
Lima,PM2.5 - Principal,2021-03-16 09:00 AM,2021,3,16,9,11.3,47,Good,11,UG/M3,1 Hr,Valid
Lima,PM2.5 - Principal,2021-03-16 10:00 AM,2021,3,16,10,12.6,52,Moderate,14,UG/M3,1 Hr,Valid
Lima,PM2.5 - Principal,2021-03-16 11:00 AM,2021,3,16,11,15.8,59,Moderate,19,UG/M3,1 Hr,Valid
Lima,PM2.5 - Principal,2021-03-16 12:00 PM,2021,3,16,12,18.9,65,Moderate,22,UG/M3,1 Hr,Valid
Lima,PM2.5 - Principal,2021-03-16 01:00 PM,2021,3,16,13,16.9,61,Moderate,15,UG/M3,1 Hr,Valid
Lima,PM2.5 - Principal,2021-03-16 02:00 PM,2021,3,16,14,16.4,60,Moderate,16,UG/M3,1 Hr,Valid
Lima,PM2.5 - Principal,2021-03-16 03:00 PM,2021,3,16,15,13.7,54,Moderate,11,UG/M3,1 Hr,Valid
Lima,PM2.5 - Principal,2021-03-16 04:00 PM,2021,3,16,16,14.3,56,Moderate,15,UG/M3,1 Hr,Valid
Lima,PM2.5 - Principal,2021-03-16 05:00 PM,2021,3,16,17,13.1,53,Moderate,12,UG/M3,1 Hr,Valid
Lima,PM2.5 - Principal,2021-03-16 06:00 PM,2021,3,16,18,16.5,60,Moderate,20,UG/M3,1 Hr,Valid
Lima,PM2.5 - Principal,2021-03-16 07:00 PM,2021,3,16,19,21.7,71,Moderate,27,UG/M3,1 Hr,Valid
Lima,PM2.5 - Principal,2021-03-16 08:00 PM,2021,3,16,20,24.9,78,Moderate,28,UG/M3,1 Hr,Valid
Lima,PM2.5 - Principal,2021-03-16 09:00 PM,2021,3,16,21,25.4,79,Moderate,26,UG/M3,1 Hr,Valid
Lima,PM2.5 - Principal,2021-03-16 10:00 PM,2021,3,16,22,26.7,82,Moderate,28,UG/M3,1 Hr,Valid
Lima,PM2.5 - Principal,2021-03-16 11:00 PM,2021,3,16,23,29.3,87,Moderate,32,UG/M3,1 Hr,Valid
Lima,PM2.5 - Principal,2021-03-17 12:00 AM,2021,3,17,0,23.1,74,Moderate,17,UG/M3,1 Hr,Valid
Lima,PM2.5 - Principal,2021-03-17 01:00 AM,2021,3,17,1,21,70,Moderate,19,UG/M3,1 Hr,Valid
Lima,PM2.5 - Principal,2021-03-17 02:00 AM,2021,3,17,2,20,68,Moderate,19,UG/M3,1 Hr,Valid
Lima,PM2.5 - Principal,2021-03-17 03:00 AM,2021,3,17,3,20.5,69,Moderate,21,UG/M3,1 Hr,Valid
Lima,PM2.5 - Principal,2021-03-17 04:00 AM,2021,3,17,4,17.7,63,Moderate,15,UG/M3,1 Hr,Valid
Lima,PM2.5 - Principal,2021-03-17 05:00 AM,2021,3,17,5,17.8,63,Moderate,18,UG/M3,1 Hr,Valid
Lima,PM2.5 - Principal,2021-03-17 06:00 AM,2021,3,17,6,16.4,60,Moderate,15,UG/M3,1 Hr,Valid
Lima,PM2.5 - Principal,2021-03-17 07:00 AM,2021,3,17,7,16.2,60,Moderate,16,UG/M3,1 Hr,Valid
Lima,PM2.5 - Principal,2021-03-17 08:00 AM,2021,3,17,8,17.6,63,Moderate,19,UG/M3,1 Hr,Valid
Lima,PM2.5 - Principal,2021-03-17 09:00 AM,2021,3,17,9,21.8,71,Moderate,26,UG/M3,1 Hr,Valid
Lima,PM2.5 - Principal,2021-03-17 10:00 AM,2021,3,17,10,24.4,77,Moderate,27,UG/M3,1 Hr,Valid
Lima,PM2.5 - Principal,2021-03-17 11:00 AM,2021,3,17,11,21.2,70,Moderate,18,UG/M3,1 Hr,Valid
Lima,PM2.5 - Principal,2021-03-17 12:00 PM,2021,3,17,12,21.5,71,Moderate,22,UG/M3,1 Hr,Valid
Lima,PM2.5 - Principal,2021-03-17 01:00 PM,2021,3,17,13,17.2,62,Moderate,13,UG/M3,1 Hr,Valid
Lima,PM2.5 - Principal,2021-03-17 02:00 PM,2021,3,17,14,13.1,53,Moderate,9,UG/M3,1 Hr,Valid
Lima,PM2.5 - Principal,2021-03-17 03:00 PM,2021,3,17,15,12,50,Good,11,UG/M3,1 Hr,Valid
Lima,PM2.5 - Principal,2021-03-17 04:00 PM,2021,3,17,16,13.5,54,Moderate,15,UG/M3,1 Hr,Valid
Lima,PM2.5 - Principal,2021-03-17 05:00 PM,2021,3,17,17,14.2,55,Moderate,15,UG/M3,1 Hr,Valid
Lima,PM2.5 - Principal,2021-03-17 06:00 PM,2021,3,17,18,17.6,63,Moderate,21,UG/M3,1 Hr,Valid
Lima,PM2.5 - Principal,2021-03-17 07:00 PM,2021,3,17,19,19.8,67,Moderate,22,UG/M3,1 Hr,Valid
Lima,PM2.5 - Principal,2021-03-17 08:00 PM,2021,3,17,20,19.9,67,Moderate,20,UG/M3,1 Hr,Valid
Lima,PM2.5 - Principal,2021-03-17 09:00 PM,2021,3,17,21,21.4,71,Moderate,23,UG/M3,1 Hr,Valid
Lima,PM2.5 - Principal,2021-03-17 10:00 PM,2021,3,17,22,19.7,67,Moderate,18,UG/M3,1 Hr,Valid
Lima,PM2.5 - Principal,2021-03-17 11:00 PM,2021,3,17,23,21.3,70,Moderate,23,UG/M3,1 Hr,Valid
Lima,PM2.5 - Principal,2021-03-18 12:00 AM,2021,3,18,0,18.6,65,Moderate,16,UG/M3,1 Hr,Valid
Lima,PM2.5 - Principal,2021-03-18 01:00 AM,2021,3,18,1,15.3,58,Moderate,12,UG/M3,1 Hr,Valid
Lima,PM2.5 - Principal,2021-03-18 02:00 AM,2021,3,18,2,12.1,51,Moderate,9,UG/M3,1 Hr,Valid
Lima,PM2.5 - Principal,2021-03-18 03:00 AM,2021,3,18,3,10,42,Good,8,UG/M3,1 Hr,Valid
Lima,PM2.5 - Principal,2021-03-18 04:00 AM,2021,3,18,4,10,42,Good,10,UG/M3,1 Hr,Valid
Lima,PM2.5 - Principal,2021-03-18 05:00 AM,2021,3,18,5,9.5,40,Good,9,UG/M3,1 Hr,Valid
Lima,PM2.5 - Principal,2021-03-18 06:00 AM,2021,3,18,6,8.2,34,Good,7,UG/M3,1 Hr,Valid
Lima,PM2.5 - Principal,2021-03-18 07:00 AM,2021,3,18,7,8.6,36,Good,9,UG/M3,1 Hr,Valid
Lima,PM2.5 - Principal,2021-03-18 08:00 AM,2021,3,18,8,12.3,51,Moderate,16,UG/M3,1 Hr,Valid
Lima,PM2.5 - Principal,2021-03-18 09:00 AM,2021,3,18,9,18.1,64,Moderate,24,UG/M3,1 Hr,Valid
Lima,PM2.5 - Principal,2021-03-18 10:00 AM,2021,3,18,10,18.5,64,Moderate,19,UG/M3,1 Hr,Valid
Lima,PM2.5 - Principal,2021-03-18 11:00 AM,2021,3,18,11,23.2,74,Moderate,28,UG/M3,1 Hr,Valid
Lima,PM2.5 - Principal,2021-03-18 12:00 PM,2021,3,18,12,20.6,69,Moderate,18,UG/M3,1 Hr,Valid
Lima,PM2.5 - Principal,2021-03-18 01:00 PM,2021,3,18,13,23.3,75,Moderate,26,UG/M3,1 Hr,Valid
Lima,PM2.5 - Principal,2021-03-18 02:00 PM,2021,3,18,14,16.6,60,Moderate,10,UG/M3,1 Hr,Valid
Lima,PM2.5 - Principal,2021-03-18 03:00 PM,2021,3,18,15,15.8,59,Moderate,15,UG/M3,1 Hr,Valid
Lima,PM2.5 - Principal,2021-03-18 04:00 PM,2021,3,18,16,18.4,64,Moderate,21,UG/M3,1 Hr,Valid
Lima,PM2.5 - Principal,2021-03-18 05:00 PM,2021,3,18,17,19.7,67,Moderate,21,UG/M3,1 Hr,Valid
Lima,PM2.5 - Principal,2021-03-18 06:00 PM,2021,3,18,18,21.8,71,Moderate,24,UG/M3,1 Hr,Valid
Lima,PM2.5 - Principal,2021-03-18 07:00 PM,2021,3,18,19,20.4,68,Moderate,19,UG/M3,1 Hr,Valid
Lima,PM2.5 - Principal,2021-03-18 08:00 PM,2021,3,18,20,21.7,71,Moderate,23,UG/M3,1 Hr,Valid
Lima,PM2.5 - Principal,2021-03-18 09:00 PM,2021,3,18,21,26.3,81,Moderate,31,UG/M3,1 Hr,Valid
Lima,PM2.5 - Principal,2021-03-18 10:00 PM,2021,3,18,22,25.1,78,Moderate,24,UG/M3,1 Hr,Valid
Lima,PM2.5 - Principal,2021-03-18 11:00 PM,2021,3,18,23,20.5,69,Moderate,16,UG/M3,1 Hr,Valid
Lima,PM2.5 - Principal,2021-03-19 12:00 AM,2021,3,19,0,14.2,55,Moderate,8,UG/M3,1 Hr,Valid
Lima,PM2.5 - Principal,2021-03-19 01:00 AM,2021,3,19,1,12.1,51,Moderate,10,UG/M3,1 Hr,Valid
Lima,PM2.5 - Principal,2021-03-19 02:00 AM,2021,3,19,2,10,42,Good,8,UG/M3,1 Hr,Valid
Lima,PM2.5 - Principal,2021-03-19 03:00 AM,2021,3,19,3,9,38,Good,8,UG/M3,1 Hr,Valid
Lima,PM2.5 - Principal,2021-03-19 04:00 AM,2021,3,19,4,10,42,Good,11,UG/M3,1 Hr,Valid
Lima,PM2.5 - Principal,2021-03-19 05:00 AM,2021,3,19,5,9,38,Good,8,UG/M3,1 Hr,Valid
Lima,PM2.5 - Principal,2021-03-19 06:00 AM,2021,3,19,6,9,38,Good,9,UG/M3,1 Hr,Valid
Lima,PM2.5 - Principal,2021-03-19 07:00 AM,2021,3,19,7,8.4,35,Good,8,UG/M3,1 Hr,Valid
Lima,PM2.5 - Principal,2021-03-19 08:00 AM,2021,3,19,8,11.2,47,Good,14,UG/M3,1 Hr,Valid
Lima,PM2.5 - Principal,2021-03-19 09:00 AM,2021,3,19,9,12.6,52,Moderate,14,UG/M3,1 Hr,Valid
Lima,PM2.5 - Principal,2021-03-19 10:00 AM,2021,3,19,10,14.8,57,Moderate,17,UG/M3,1 Hr,Valid
Lima,PM2.5 - Principal,2021-03-19 11:00 AM,2021,3,19,11,17.4,62,Moderate,20,UG/M3,1 Hr,Valid
Lima,PM2.5 - Principal,2021-03-19 12:00 PM,2021,3,19,12,16.7,61,Moderate,16,UG/M3,1 Hr,Valid
Lima,PM2.5 - Principal,2021-03-19 01:00 PM,2021,3,19,13,15.8,59,Moderate,15,UG/M3,1 Hr,Valid
Lima,PM2.5 - Principal,2021-03-19 02:00 PM,2021,3,19,14,13.9,55,Moderate,12,UG/M3,1 Hr,Valid
Lima,PM2.5 - Principal,2021-03-19 03:00 PM,2021,3,19,15,15.4,58,Moderate,17,UG/M3,1 Hr,Valid
Lima,PM2.5 - Principal,2021-03-19 04:00 PM,2021,3,19,16,17.2,62,Moderate,19,UG/M3,1 Hr,Valid
Lima,PM2.5 - Principal,2021-03-19 05:00 PM,2021,3,19,17,17.1,62,Moderate,17,UG/M3,1 Hr,Valid
Lima,PM2.5 - Principal,2021-03-19 06:00 PM,2021,3,19,18,22,72,Moderate,27,UG/M3,1 Hr,Valid
Lima,PM2.5 - Principal,2021-03-19 07:00 PM,2021,3,19,19,22,72,Moderate,22,UG/M3,1 Hr,Valid
Lima,PM2.5 - Principal,2021-03-19 08:00 PM,2021,3,19,20,25,78,Moderate,28,UG/M3,1 Hr,Valid
Lima,PM2.5 - Principal,2021-03-19 09:00 PM,2021,3,19,21,28.5,85,Moderate,32,UG/M3,1 Hr,Valid
Lima,PM2.5 - Principal,2021-03-19 10:00 PM,2021,3,19,22,25.2,79,Moderate,22,UG/M3,1 Hr,Valid
Lima,PM2.5 - Principal,2021-03-19 11:00 PM,2021,3,19,23,23.6,75,Moderate,22,UG/M3,1 Hr,Valid
Lima,PM2.5 - Principal,2021-03-20 12:00 AM,2021,3,20,0,26.3,81,Moderate,29,UG/M3,1 Hr,Valid
Lima,PM2.5 - Principal,2021-03-20 01:00 AM,2021,3,20,1,17.6,63,Moderate,9,UG/M3,1 Hr,Valid
Lima,PM2.5 - Principal,2021-03-20 02:00 AM,2021,3,20,2,15.8,59,Moderate,14,UG/M3,1 Hr,Valid
Lima,PM2.5 - Principal,2021-03-20 03:00 AM,2021,3,20,3,14.4,56,Moderate,13,UG/M3,1 Hr,Valid
Lima,PM2.5 - Principal,2021-03-20 04:00 AM,2021,3,20,4,17.7,63,Moderate,21,UG/M3,1 Hr,Valid
Lima,PM2.5 - Principal,2021-03-20 05:00 AM,2021,3,20,5,14.8,57,Moderate,12,UG/M3,1 Hr,Valid
Lima,PM2.5 - Principal,2021-03-20 06:00 AM,2021,3,20,6,15.9,59,Moderate,17,UG/M3,1 Hr,Valid
Lima,PM2.5 - Principal,2021-03-20 07:00 AM,2021,3,20,7,17.9,63,Moderate,20,UG/M3,1 Hr,Valid
Lima,PM2.5 - Principal,2021-03-20 08:00 AM,2021,3,20,8,18.4,64,Moderate,19,UG/M3,1 Hr,Valid
Lima,PM2.5 - Principal,2021-03-20 09:00 AM,2021,3,20,9,25.2,79,Moderate,32,UG/M3,1 Hr,Valid
Lima,PM2.5 - Principal,2021-03-20 10:00 AM,2021,3,20,10,25.1,78,Moderate,25,UG/M3,1 Hr,Valid
Lima,PM2.5 - Principal,2021-03-20 11:00 AM,2021,3,20,11,29.5,88,Moderate,34,UG/M3,1 Hr,Valid
Lima,PM2.5 - Principal,2021-03-20 12:00 PM,2021,3,20,12,32.7,94,Moderate,36,UG/M3,1 Hr,Valid
Lima,PM2.5 - Principal,2021-03-20 01:00 PM,2021,3,20,13,33.8,97,Moderate,35,UG/M3,1 Hr,Valid
Lima,PM2.5 - Principal,2021-03-20 02:00 PM,2021,3,20,14,26.4,81,Moderate,19,UG/M3,1 Hr,Valid
Lima,PM2.5 - Principal,2021-03-20 03:00 PM,2021,3,20,15,22.2,72,Moderate,18,UG/M3,1 Hr,Valid
Lima,PM2.5 - Principal,2021-03-20 04:00 PM,2021,3,20,16,17.6,63,Moderate,13,UG/M3,1 Hr,Valid
Lima,PM2.5 - Principal,2021-03-20 05:00 PM,2021,3,20,17,16.8,61,Moderate,16,UG/M3,1 Hr,Valid
Lima,PM2.5 - Principal,2021-03-20 06:00 PM,2021,3,20,18,17.9,63,Moderate,19,UG/M3,1 Hr,Valid
Lima,PM2.5 - Principal,2021-03-20 07:00 PM,2021,3,20,19,21.4,71,Moderate,25,UG/M3,1 Hr,Valid
Lima,PM2.5 - Principal,2021-03-20 08:00 PM,2021,3,20,20,26.7,82,Moderate,32,UG/M3,1 Hr,Valid
Lima,PM2.5 - Principal,2021-03-20 09:00 PM,2021,3,20,21,31.3,91,Moderate,36,UG/M3,1 Hr,Valid
Lima,PM2.5 - Principal,2021-03-20 10:00 PM,2021,3,20,22,31.1,91,Moderate,31,UG/M3,1 Hr,Valid
Lima,PM2.5 - Principal,2021-03-20 11:00 PM,2021,3,20,23,27,82,Moderate,23,UG/M3,1 Hr,Valid
Lima,PM2.5 - Principal,2021-03-21 12:00 AM,2021,3,21,0,26,80,Moderate,25,UG/M3,1 Hr,Valid
Lima,PM2.5 - Principal,2021-03-21 01:00 AM,2021,3,21,1,25.5,79,Moderate,25,UG/M3,1 Hr,Valid
Lima,PM2.5 - Principal,2021-03-21 02:00 AM,2021,3,21,2,24.2,76,Moderate,23,UG/M3,1 Hr,Valid
Lima,PM2.5 - Principal,2021-03-21 03:00 AM,2021,3,21,3,22.6,73,Moderate,21,UG/M3,1 Hr,Valid
Lima,PM2.5 - Principal,2021-03-21 04:00 AM,2021,3,21,4,18.3,64,Moderate,14,UG/M3,1 Hr,Valid
Lima,PM2.5 - Principal,2021-03-21 05:00 AM,2021,3,21,5,15.1,57,Moderate,12,UG/M3,1 Hr,Valid
Lima,PM2.5 - Principal,2021-03-21 06:00 AM,2021,3,21,6,15.5,58,Moderate,16,UG/M3,1 Hr,Valid
Lima,PM2.5 - Principal,2021-03-21 07:00 AM,2021,3,21,7,16.2,60,Moderate,17,UG/M3,1 Hr,Valid
Lima,PM2.5 - Principal,2021-03-21 08:00 AM,2021,3,21,8,15.1,57,Moderate,14,UG/M3,1 Hr,Valid
Lima,PM2.5 - Principal,2021-03-21 09:00 AM,2021,3,21,9,17,61,Moderate,19,UG/M3,1 Hr,Valid
Lima,PM2.5 - Principal,2021-03-21 10:00 AM,2021,3,21,10,20.5,69,Moderate,24,UG/M3,1 Hr,Valid
Lima,PM2.5 - Principal,2021-03-21 11:00 AM,2021,3,21,11,18.7,65,Moderate,17,UG/M3,1 Hr,Valid
Lima,PM2.5 - Principal,2021-03-21 12:00 PM,2021,3,21,12,21.8,71,Moderate,25,UG/M3,1 Hr,Valid
Lima,PM2.5 - Principal,2021-03-21 01:00 PM,2021,3,21,13,19.9,67,Moderate,18,UG/M3,1 Hr,Valid
Lima,PM2.5 - Principal,2021-03-21 02:00 PM,2021,3,21,14,17.4,62,Moderate,15,UG/M3,1 Hr,Valid
Lima,PM2.5 - Principal,2021-03-21 03:00 PM,2021,3,21,15,13.2,53,Moderate,9,UG/M3,1 Hr,Valid
Lima,PM2.5 - Principal,2021-03-21 04:00 PM,2021,3,21,16,15.1,57,Moderate,17,UG/M3,1 Hr,Valid
Lima,PM2.5 - Principal,2021-03-21 05:00 PM,2021,3,21,17,17,61,Moderate,19,UG/M3,1 Hr,Valid
Lima,PM2.5 - Principal,2021-03-21 06:00 PM,2021,3,21,18,18,63,Moderate,19,UG/M3,1 Hr,Valid
Lima,PM2.5 - Principal,2021-03-21 07:00 PM,2021,3,21,19,15.5,58,Moderate,13,UG/M3,1 Hr,Valid
Lima,PM2.5 - Principal,2021-03-21 08:00 PM,2021,3,21,20,15.2,58,Moderate,15,UG/M3,1 Hr,Valid
Lima,PM2.5 - Principal,2021-03-21 09:00 PM,2021,3,21,21,18.1,64,Moderate,21,UG/M3,1 Hr,Valid
Lima,PM2.5 - Principal,2021-03-21 10:00 PM,2021,3,21,22,21,70,Moderate,24,UG/M3,1 Hr,Valid
Lima,PM2.5 - Principal,2021-03-21 11:00 PM,2021,3,21,23,21.5,71,Moderate,22,UG/M3,1 Hr,Valid
Lima,PM2.5 - Principal,2021-03-22 12:00 AM,2021,3,22,0,19.2,66,Moderate,17,UG/M3,1 Hr,Valid
Lima,PM2.5 - Principal,2021-03-22 01:00 AM,2021,3,22,1,15.1,57,Moderate,11,UG/M3,1 Hr,Valid
Lima,PM2.5 - Principal,2021-03-22 02:00 AM,2021,3,22,2,15,57,Moderate,15,UG/M3,1 Hr,Valid
Lima,PM2.5 - Principal,2021-03-22 03:00 AM,2021,3,22,3,14,55,Moderate,13,UG/M3,1 Hr,Valid
Lima,PM2.5 - Principal,2021-03-22 04:00 AM,2021,3,22,4,15.5,58,Moderate,17,UG/M3,1 Hr,Valid
Lima,PM2.5 - Principal,2021-03-22 05:00 AM,2021,3,22,5,15.2,58,Moderate,15,UG/M3,1 Hr,Valid
Lima,PM2.5 - Principal,2021-03-22 06:00 AM,2021,3,22,6,14.1,55,Moderate,13,UG/M3,1 Hr,Valid
Lima,PM2.5 - Principal,2021-03-22 07:00 AM,2021,3,22,7,17,61,Moderate,20,UG/M3,1 Hr,Valid
Lima,PM2.5 - Principal,2021-03-22 08:00 AM,2021,3,22,8,16,59,Moderate,15,UG/M3,1 Hr,Valid
Lima,PM2.5 - Principal,2021-03-22 09:00 AM,2021,3,22,9,16.5,60,Moderate,17,UG/M3,1 Hr,Valid
Lima,PM2.5 - Principal,2021-03-22 10:00 AM,2021,3,22,10,17.2,62,Moderate,18,UG/M3,1 Hr,Valid
Lima,PM2.5 - Principal,2021-03-22 11:00 AM,2021,3,22,11,17.5,62,Moderate,18,UG/M3,1 Hr,Valid
Lima,PM2.5 - Principal,2021-03-22 12:00 PM,2021,3,22,12,21.8,71,Moderate,26,UG/M3,1 Hr,Valid
Lima,PM2.5 - Principal,2021-03-22 01:00 PM,2021,3,22,13,23.9,76,Moderate,26,UG/M3,1 Hr,Valid
Lima,PM2.5 - Principal,2021-03-23 01:00 AM,2021,3,23,1,-999,-999,N/A,17,UG/M3,1 Hr,Valid
Lima,PM2.5 - Principal,2021-03-23 02:00 AM,2021,3,23,2,16.4,60,Moderate,16,UG/M3,1 Hr,Valid
Lima,PM2.5 - Principal,2021-03-23 03:00 AM,2021,3,23,3,14.4,56,Moderate,12,UG/M3,1 Hr,Valid
Lima,PM2.5 - Principal,2021-03-23 04:00 AM,2021,3,23,4,13.4,54,Moderate,12,UG/M3,1 Hr,Valid
Lima,PM2.5 - Principal,2021-03-23 05:00 AM,2021,3,23,5,12.3,51,Moderate,11,UG/M3,1 Hr,Valid
Lima,PM2.5 - Principal,2021-03-23 06:00 AM,2021,3,23,6,12.2,51,Moderate,12,UG/M3,1 Hr,Valid
Lima,PM2.5 - Principal,2021-03-23 07:00 AM,2021,3,23,7,11.7,49,Good,11,UG/M3,1 Hr,Valid
Lima,PM2.5 - Principal,2021-03-23 08:00 AM,2021,3,23,8,11.4,48,Good,11,UG/M3,1 Hr,Valid
Lima,PM2.5 - Principal,2021-03-23 09:00 AM,2021,3,23,9,13.1,53,Moderate,16,UG/M3,1 Hr,Valid
Lima,PM2.5 - Principal,2021-03-23 10:00 AM,2021,3,23,10,17.8,63,Moderate,22,UG/M3,1 Hr,Valid
Lima,PM2.5 - Principal,2021-03-23 11:00 AM,2021,3,23,11,24.4,77,Moderate,31,UG/M3,1 Hr,Valid
Lima,PM2.5 - Principal,2021-03-23 12:00 PM,2021,3,23,12,26.2,81,Moderate,28,UG/M3,1 Hr,Valid
Lima,PM2.5 - Principal,2021-03-23 01:00 PM,2021,3,23,13,25.1,78,Moderate,24,UG/M3,1 Hr,Valid
Lima,PM2.5 - Principal,2021-03-23 02:00 PM,2021,3,23,14,19.5,67,Moderate,14,UG/M3,1 Hr,Valid
Lima,PM2.5 - Principal,2021-03-23 03:00 PM,2021,3,23,15,19.7,67,Moderate,20,UG/M3,1 Hr,Valid
Lima,PM2.5 - Principal,2021-03-23 04:00 PM,2021,3,23,16,23.8,76,Moderate,28,UG/M3,1 Hr,Valid
Lima,PM2.5 - Principal,2021-03-23 05:00 PM,2021,3,23,17,25.4,79,Moderate,27,UG/M3,1 Hr,Valid
Lima,PM2.5 - Principal,2021-03-23 06:00 PM,2021,3,23,18,22.7,73,Moderate,20,UG/M3,1 Hr,Valid
Lima,PM2.5 - Principal,2021-03-23 07:00 PM,2021,3,23,19,21.8,71,Moderate,21,UG/M3,1 Hr,Valid
Lima,PM2.5 - Principal,2021-03-23 08:00 PM,2021,3,23,20,22.4,73,Moderate,23,UG/M3,1 Hr,Valid
Lima,PM2.5 - Principal,2021-03-23 09:00 PM,2021,3,23,21,23.2,74,Moderate,24,UG/M3,1 Hr,Valid
Lima,PM2.5 - Principal,2021-03-23 10:00 PM,2021,3,23,22,21.1,70,Moderate,19,UG/M3,1 Hr,Valid
Lima,PM2.5 - Principal,2021-03-23 11:00 PM,2021,3,23,23,19,66,Moderate,17,UG/M3,1 Hr,Valid
Lima,PM2.5 - Principal,2021-03-24 12:00 AM,2021,3,24,0,15,57,Moderate,11,UG/M3,1 Hr,Valid
Lima,PM2.5 - Principal,2021-03-24 01:00 AM,2021,3,24,1,13,53,Moderate,11,UG/M3,1 Hr,Valid
Lima,PM2.5 - Principal,2021-03-24 02:00 AM,2021,3,24,2,12.5,52,Moderate,12,UG/M3,1 Hr,Valid
Lima,PM2.5 - Principal,2021-03-24 03:00 AM,2021,3,24,3,15.2,58,Moderate,18,UG/M3,1 Hr,Valid
Lima,PM2.5 - Principal,2021-03-24 04:00 AM,2021,3,24,4,13.1,53,Moderate,11,UG/M3,1 Hr,Valid
Lima,PM2.5 - Principal,2021-03-24 05:00 AM,2021,3,24,5,13,53,Moderate,13,UG/M3,1 Hr,Valid
Lima,PM2.5 - Principal,2021-03-24 06:00 AM,2021,3,24,6,14,55,Moderate,15,UG/M3,1 Hr,Valid
Lima,PM2.5 - Principal,2021-03-24 07:00 AM,2021,3,24,7,15,57,Moderate,16,UG/M3,1 Hr,Valid
Lima,PM2.5 - Principal,2021-03-24 08:00 AM,2021,3,24,8,16,59,Moderate,17,UG/M3,1 Hr,Valid
Lima,PM2.5 - Principal,2021-03-24 09:00 AM,2021,3,24,9,16.6,60,Moderate,18,UG/M3,1 Hr,Valid
Lima,PM2.5 - Principal,2021-03-24 10:00 AM,2021,3,24,10,19.5,67,Moderate,22,UG/M3,1 Hr,Valid
Lima,PM2.5 - Principal,2021-03-24 11:00 AM,2021,3,24,11,24.7,77,Moderate,30,UG/M3,1 Hr,Valid
Lima,PM2.5 - Principal,2021-03-24 12:00 PM,2021,3,24,12,29.3,87,Moderate,34,UG/M3,1 Hr,Valid
Lima,PM2.5 - Principal,2021-03-24 01:00 PM,2021,3,24,13,31.1,91,Moderate,33,UG/M3,1 Hr,Valid
Lima,PM2.5 - Principal,2021-03-24 02:00 PM,2021,3,24,14,24,76,Moderate,17,UG/M3,1 Hr,Valid
Lima,PM2.5 - Principal,2021-03-24 03:00 PM,2021,3,24,15,24,76,Moderate,24,UG/M3,1 Hr,Valid
Lima,PM2.5 - Principal,2021-03-24 04:00 PM,2021,3,24,16,24,76,Moderate,24,UG/M3,1 Hr,Valid
Lima,PM2.5 - Principal,2021-03-24 05:00 PM,2021,3,24,17,19.5,67,Moderate,15,UG/M3,1 Hr,Valid
Lima,PM2.5 - Principal,2021-03-24 06:00 PM,2021,3,24,18,24.2,76,Moderate,29,UG/M3,1 Hr,Valid
Lima,PM2.5 - Principal,2021-03-24 07:00 PM,2021,3,24,19,25.6,79,Moderate,27,UG/M3,1 Hr,Valid
Lima,PM2.5 - Principal,2021-03-24 08:00 PM,2021,3,24,20,25.3,79,Moderate,25,UG/M3,1 Hr,Valid
Lima,PM2.5 - Principal,2021-03-24 09:00 PM,2021,3,24,21,22.6,73,Moderate,20,UG/M3,1 Hr,Valid
Lima,PM2.5 - Principal,2021-03-24 10:00 PM,2021,3,24,22,22.3,72,Moderate,22,UG/M3,1 Hr,Valid
Lima,PM2.5 - Principal,2021-03-24 11:00 PM,2021,3,24,23,18.6,65,Moderate,15,UG/M3,1 Hr,Valid
Lima,PM2.5 - Principal,2021-03-25 12:00 AM,2021,3,25,0,16.8,61,Moderate,15,UG/M3,1 Hr,Valid
Lima,PM2.5 - Principal,2021-03-25 01:00 AM,2021,3,25,1,16.4,60,Moderate,16,UG/M3,1 Hr,Valid
Lima,PM2.5 - Principal,2021-03-25 02:00 AM,2021,3,25,2,16.7,61,Moderate,17,UG/M3,1 Hr,Valid
Lima,PM2.5 - Principal,2021-03-25 03:00 AM,2021,3,25,3,15.3,58,Moderate,14,UG/M3,1 Hr,Valid
Lima,PM2.5 - Principal,2021-03-25 04:00 AM,2021,3,25,4,12.1,51,Moderate,9,UG/M3,1 Hr,Valid
Lima,PM2.5 - Principal,2021-03-25 05:00 AM,2021,3,25,5,11.5,48,Good,11,UG/M3,1 Hr,Valid
Lima,PM2.5 - Principal,2021-03-25 06:00 AM,2021,3,25,6,10.7,45,Good,10,UG/M3,1 Hr,Valid
Lima,PM2.5 - Principal,2021-03-25 07:00 AM,2021,3,25,7,10.3,43,Good,10,UG/M3,1 Hr,Valid
Lima,PM2.5 - Principal,2021-03-25 08:00 AM,2021,3,25,8,12.6,52,Moderate,15,UG/M3,1 Hr,Valid
Lima,PM2.5 - Principal,2021-03-25 09:00 AM,2021,3,25,9,14.8,57,Moderate,17,UG/M3,1 Hr,Valid
Lima,PM2.5 - Principal,2021-03-25 10:00 AM,2021,3,25,10,19.4,66,Moderate,24,UG/M3,1 Hr,Valid
Lima,PM2.5 - Principal,2021-03-25 11:00 AM,2021,3,25,11,20.7,69,Moderate,22,UG/M3,1 Hr,Valid
Lima,PM2.5 - Principal,2021-03-25 12:00 PM,2021,3,25,12,27.3,83,Moderate,34,UG/M3,1 Hr,Valid
Lima,PM2.5 - Principal,2021-03-25 01:00 PM,2021,3,25,13,25.6,79,Moderate,24,UG/M3,1 Hr,Valid
Lima,PM2.5 - Principal,2021-03-25 02:00 PM,2021,3,25,14,21.8,71,Moderate,18,UG/M3,1 Hr,Valid
Lima,PM2.5 - Principal,2021-03-25 03:00 PM,2021,3,25,15,20.9,70,Moderate,20,UG/M3,1 Hr,Valid
Lima,PM2.5 - Principal,2021-03-25 04:00 PM,2021,3,25,16,24.4,77,Moderate,28,UG/M3,1 Hr,Valid
Lima,PM2.5 - Principal,2021-03-25 05:00 PM,2021,3,25,17,24.2,76,Moderate,24,UG/M3,1 Hr,Valid
Lima,PM2.5 - Principal,2021-03-25 06:00 PM,2021,3,25,18,25.1,78,Moderate,26,UG/M3,1 Hr,Valid
Lima,PM2.5 - Principal,2021-03-25 07:00 PM,2021,3,25,19,24,76,Moderate,23,UG/M3,1 Hr,Valid
Lima,PM2.5 - Principal,2021-03-25 08:00 PM,2021,3,25,20,22.5,73,Moderate,21,UG/M3,1 Hr,Valid
Lima,PM2.5 - Principal,2021-03-25 09:00 PM,2021,3,25,21,24.2,76,Moderate,26,UG/M3,1 Hr,Valid
Lima,PM2.5 - Principal,2021-03-25 10:00 PM,2021,3,25,22,23.1,74,Moderate,22,UG/M3,1 Hr,Valid
Lima,PM2.5 - Principal,2021-03-25 11:00 PM,2021,3,25,23,23.5,75,Moderate,24,UG/M3,1 Hr,Valid
Lima,PM2.5 - Principal,2021-03-26 12:00 AM,2021,3,26,0,22.2,72,Moderate,20,UG/M3,1 Hr,Valid
